compound,CAS,Clint,unit.Clint,method.Clint,reference.Clint,original.reference.Clint,unit.conc.enzymes.Clint,X,conc.enzymes.Clint,Culture.condition,Culture.material,Culture.medium,Hepatocytes,HEPES.added,Incubation.volume..mL.,L.glutamine.Glutamax.added,Medium.movement,Other.constituents.added.,Sampling,Serum.albumin.added,Source,Species,Use.CO2.incubator
"2,5-Di-tert-butylbenzene-1,4-diol",88-58-4,8.91,ul/min/10^6 cells,hep,Black.et.al...2021_1,Black.et.al...2021_1,10^6 cell/ml,NA,NA,NA,NA,NA,NA,NA,NA,NA,NA,NA,NA,NA,NA,NA,NA
"2,5-Di-tert-butylbenzene-1,4-diol",88-58-4,2.75,ul/min/10^6 cells,hep,Black.et.al...2021_1,Black.et.al...2021_1,10^6 cell/ml,NA,NA,NA,NA,NA,NA,NA,NA,NA,NA,NA,NA,NA,NA,NA,NA
"2,5-Di-tert-butylbenzene-1,4-diol",88-58-4,9.86,ul/min/10^6 cells,hep,Black.et.al...2021_1,Wambaugh.et.al...2019_1,10^6 cell/ml,NA,NA,NA,NA,NA,NA,NA,NA,NA,NA,NA,NA,NA,NA,NA,NA
"2,5-Di-tert-butylbenzene-1,4-diol",88-58-4,117,ul/min/10^6 cells,hep,Black.et.al...2021_1,Wambaugh.et.al...2019_1,10^6 cell/ml,NA,NA,NA,NA,NA,NA,NA,NA,NA,NA,NA,NA,NA,NA,NA,NA
"3,3? ,5,5? -Tetrabromobisphenol A",79-94-7,5.84,ul/min/10^6 cells,hep,Black.et.al...2021_1,Black.et.al...2021_1,10^6 cell/ml,NA,NA,NA,NA,NA,NA,NA,NA,NA,NA,NA,NA,NA,NA,NA,NA
"3,3? ,5,5? -Tetrabromobisphenol A",79-94-7,3.22,ul/min/10^6 cells,hep,Black.et.al...2021_1,Black.et.al...2021_1,10^6 cell/ml,NA,NA,NA,NA,NA,NA,NA,NA,NA,NA,NA,NA,NA,NA,NA,NA
"3,3? ,5,5? -Tetrabromobisphenol A",79-94-7,13.6,ul/min/10^6 cells,hep,Black.et.al...2021_1,Wambaugh.et.al...2019_1,10^6 cell/ml,NA,NA,NA,NA,NA,NA,NA,NA,NA,NA,NA,NA,NA,NA,NA,NA
"3,3? ,5,5? -Tetrabromobisphenol A",79-94-7,50.5,ul/min/10^6 cells,hep,Black.et.al...2021_1,Wambaugh.et.al...2019_1,10^6 cell/ml,NA,NA,NA,NA,NA,NA,NA,NA,NA,NA,NA,NA,NA,NA,NA,NA
4-Nitroaniline,100-01-6,2.57,ul/min/10^6 cells,hep,Black.et.al...2021_1,Black.et.al...2021_1,10^6 cell/ml,NA,NA,NA,NA,NA,NA,NA,NA,NA,NA,NA,NA,NA,NA,NA,NA
4-Nitroaniline,100-01-6,3.68,ul/min/10^6 cells,hep,Black.et.al...2021_1,Black.et.al...2021_1,10^6 cell/ml,NA,NA,NA,NA,NA,NA,NA,NA,NA,NA,NA,NA,NA,NA,NA,NA
4-Nitroaniline,100-01-6,8.62,ul/min/10^6 cells,hep,Black.et.al...2021_1,Wambaugh.et.al...2019_1,10^6 cell/ml,NA,NA,NA,NA,NA,NA,NA,NA,NA,NA,NA,NA,NA,NA,NA,NA
4-Nitroaniline,100-01-6,23.6,ul/min/10^6 cells,hep,Black.et.al...2021_1,Wambaugh.et.al...2019_1,10^6 cell/ml,NA,NA,NA,NA,NA,NA,NA,NA,NA,NA,NA,NA,NA,NA,NA,NA
Antipyrine,60-80-0,0.1,ul/min/10^6 cells,hep,Louisse 2020,Chao.et.al..2009_1,10^6 cell/ml,55,0.1,plated,96-well plate,non-defined commercial medium,primary,no,0.1,no,shaking,no,medium,no,cryopreserved,human,yes
Antipyrine,60-80-0,0.2,ul/min/10^6 cells,hep,Louisse 2020,Chao.et.al..2009_2,10^6 cell/ml,73,0.1,plated,96-well plate,non-defined commercial medium,primary,no,0.1,no,shaking,no,medium,yes,cryopreserved,human,yes
Antipyrine,60-80-0,0.2,ul/min/10^6 cells,hep,Louisse 2020,Chao.et.al..2009_3,10^6 cell/ml,90,0.1,plated,96-well plate,non-defined commercial medium,primary,no,0.1,no,shaking,no,medium,yes,cryopreserved,human,yes
Antipyrine,60-80-0,0.2,ul/min/10^6 cells,hep,Louisse 2020,Chao.et.al..2009_4,10^6 cell/ml,106,0.1,plated,96-well plate,non-defined commercial medium,primary,no,0.1,no,shaking,no,medium,yes,cryopreserved,human,yes
Antipyrine,60-80-0,0.27,ul/min/10^6 cells,hep,Louisse 2020,Kidambi.et.al...2009,10^6 cell/ml,166,1,suspension,microcentrifuge tube,DMEM,primary,no,0.5,no,shaking,yes,medium + cells,yes,fresh,human,yes
Antipyrine,60-80-0,0.47,ul/min/10^6 cells,hep,Louisse 2020,Lau.et.al...2002,10^6 cell/ml,173,1,suspension,24-well plate,Waymouth's medium,primary,no,1,yes,no,no,medium + cells,no,cryopreserved,human,yes
Antipyrine,60-80-0,0.04,ul/min/10^6 cells,hep,Louisse 2020,Lave.et.al...1997,10^6 cell/ml,190,1.5,plated,culture dish,WME,primary,no,1,no,no,no,medium + cells,yes,fresh,human,no
Antipyrine,60-80-0,0.03,ul/min/10^6 cells,hep,Louisse 2020,Shibata.et.al...2002,10^6 cell/ml,221,1,suspension,96-well plate,serum,primary,no,0.05,no,shaking,no,medium + cells,yes,cryopreserved,human,yes
Benzylparaben,94-18-8,356,ul/min/10^6 cells,hep,Black.et.al...2021_1,Black.et.al...2021_1,10^6 cell/ml,NA,NA,NA,NA,NA,NA,NA,NA,NA,NA,NA,NA,NA,NA,NA,NA
Benzylparaben,94-18-8,192,ul/min/10^6 cells,hep,Black.et.al...2021_1,Black.et.al...2021_1,10^6 cell/ml,NA,NA,NA,NA,NA,NA,NA,NA,NA,NA,NA,NA,NA,NA,NA,NA
Benzylparaben,94-18-8,312,ul/min/10^6 cells,hep,Black.et.al...2021_1,Wambaugh.et.al...2019_1,10^6 cell/ml,NA,NA,NA,NA,NA,NA,NA,NA,NA,NA,NA,NA,NA,NA,NA,NA
Benzylparaben,94-18-8,633,ul/min/10^6 cells,hep,Black.et.al...2021_1,Wambaugh.et.al...2019_1,10^6 cell/ml,NA,NA,NA,NA,NA,NA,NA,NA,NA,NA,NA,NA,NA,NA,NA,NA
Bisphenol A,80-05-7,35.3,ul/min/10^6 cells,hep,Kurebayashi.et.al...2010,Kurebayashi.et.al...2010,10^6 cell/ml,172,NA,,,,,,NA,,,,,,,human,
Bisphenol A,80-05-7,56,ul/min/10^6 cells,hep,Kuester..R.K...Sipes..I.G..,Kuester..R.K...Sipes..I.G..,10^6 cell/ml,171,NA,,,,,,NA,,,,,,,human,
Bisphenol A,80-05-7,135.2,ul/min/10^6 cells,hep,Punt.et.al...2019,Punt.et.al...2019,10^6 cell/ml,220,NA,,,,HepaRG,,NA,,,,,,,,
Bosentan,147536-97-8,1.8,ul/min/10^6 cells,hep,Louisse 2020,Blanchard.et.al...2005_1,10^6 cell/ml,11,1.5,plated,24-well plate,WME,primary,no,0.5,yes,no,yes,medium,no,fresh,human,no
Bosentan,147536-97-8,4.7,ul/min/10^6 cells,hep,Louisse 2020,Blanchard.et.al...2005_2,10^6 cell/ml,14,1.5,plated,24-well plate,serum,primary,no,0.5,no,no,no,medium,yes,fresh,human,no
Bosentan,147536-97-8,1.67,ul/min/10^6 cells,hep,Louisse 2020,Blanchard.et.al...2005_3,10^6 cell/ml,17,2,suspension,24-well plate,WME,primary,no,0.5,yes,no,yes,medium + cells,no,fresh,human,no
Bosentan,147536-97-8,1.53,ul/min/10^6 cells,hep,Louisse 2020,Blanchard.et.al...2005_4,10^6 cell/ml,20,2,suspension,24-well plate,serum,primary,no,0.5,no,no,no,medium + cells,yes,fresh,human,no
Bosentan,147536-97-8,0.22,ul/min/10^6 cells,hep,Louisse 2020,Lave.et.al...1997,10^6 cell/ml,191,1.5,plated,culture dish,WME,primary,no,1,no,no,no,medium + cells,yes,fresh,human,no
Bosentan,147536-97-8,0.925,ul/min/10^6 cells,hep,Louisse 2020,Nordell.et.al...2013,10^6 cell/ml,218,1.6,suspension,vial,WME,primary,yes,1.5,yes,shaking,no,medium + cells,no,cryopreserved,human,no
Bosentan,147536-97-8,38,ul/min/10^6 cells,hep,Louisse 2020,Soars.et.al...2007,10^6 cell/ml,241,1,suspension,vial,DMEM,primary,yes,1,no,shaking,yes,medium + cells,no,fresh,human,no
Bufuralol,54340-62-4,5.1,ul/min/10^6 cells,hep,Louisse 2020,Floby.et.al...2009,10^6 cell/ml,122,1,suspension,96-well plate,KHB,primary,no,0.1,no,shaking,no,medium + cells,no,cryopreserved,human,yes
Bufuralol,54340-62-4,5.1,ul/min/10^6 cells,hep,Louisse 2020,Sohlenius.Sternbeck.et.al...2010,10^6 cell/ml,243,1,suspension,96-well plate,WME,primary,no,0.1,no,shaking,no,medium + cells,no,cryopreserved,human,yes
Bufuralol,54340-62-4,15.8,ul/min/10^6 cells,hep,Louisse 2020,Sohlenius.Sternbeck.et.al...2012,10^6 cell/ml,269,1,suspension,96-well plate,WME,primary,no,0.1,no,shaking,no,medium + cells,no,cryopreserved,human,yes
Bufuralol,54340-62-4,88,ul/min/10^6 cells,hep,Louisse 2020,Zanelli.et.al...2012_1,10^6 cell/ml,327,0.25,suspension,96-well plate,WME,HepaRG,no,0.125,no,shaking,no,medium + cells,no,cryopreserved,human,no
Bufuralol,54340-62-4,51.3,ul/min/10^6 cells,hep,Louisse 2020,Zanelli.et.al...2012_2,10^6 cell/ml,341,0.25,suspension,96-well plate,WME,primary,no,0.125,no,shaking,no,medium + cells,no,cryopreserved,human,no
Buspirone,36505-84-7,53.3,ul/min/10^6 cells,hep,Louisse 2020,Chao.et.al..2009_1,10^6 cell/ml,56,0.1,plated,96-well plate,non-defined commercial medium,primary,no,0.1,no,shaking,no,medium,no,cryopreserved,human,yes
Buspirone,36505-84-7,14.9,ul/min/10^6 cells,hep,Louisse 2020,Chao.et.al..2009_2,10^6 cell/ml,74,0.1,plated,96-well plate,non-defined commercial medium,primary,no,0.1,no,shaking,no,medium,yes,cryopreserved,human,yes
Buspirone,36505-84-7,23.4,ul/min/10^6 cells,hep,Louisse 2020,Chao.et.al..2009_3,10^6 cell/ml,91,0.1,plated,96-well plate,non-defined commercial medium,primary,no,0.1,no,shaking,no,medium,yes,cryopreserved,human,yes
Buspirone,36505-84-7,15.1,ul/min/10^6 cells,hep,Louisse 2020,Chao.et.al..2009_4,10^6 cell/ml,107,0.1,plated,96-well plate,non-defined commercial medium,primary,no,0.1,no,shaking,no,medium,yes,cryopreserved,human,yes
Buspirone,36505-84-7,12.11,ul/min/10^6 cells,hep,Louisse 2020,Kidambi.et.al...2009,10^6 cell/ml,167,1,suspension,microcentrifuge tube,DMEM,primary,no,0.5,no,shaking,yes,medium + cells,yes,fresh,human,yes
Buspirone,36505-84-7,7.66,ul/min/10^6 cells,hep,Louisse 2020,Shibata.et.al...2002,10^6 cell/ml,222,1,suspension,96-well plate,serum,primary,no,0.05,no,shaking,no,medium + cells,yes,cryopreserved,human,yes
Caffeine,58-08-2,0.2,ul/min/10^6 cells,hep,Louisse 2020,Chao.et.al..2009_1,10^6 cell/ml,57,0.1,plated,96-well plate,non-defined commercial medium,primary,no,0.1,no,shaking,no,medium,no,cryopreserved,human,yes
Caffeine,58-08-2,0.1,ul/min/10^6 cells,hep,Louisse 2020,Chao.et.al..2009_2,10^6 cell/ml,75,0.1,plated,96-well plate,non-defined commercial medium,primary,no,0.1,no,shaking,no,medium,yes,cryopreserved,human,yes
Caffeine,58-08-2,0.1,ul/min/10^6 cells,hep,Louisse 2020,Chao.et.al..2009_4,10^6 cell/ml,108,0.1,plated,96-well plate,non-defined commercial medium,primary,no,0.1,no,shaking,no,medium,yes,cryopreserved,human,yes
Caffeine,58-08-2,1.4,ul/min/10^6 cells,hep,Louisse 2020,Lau.et.al...2002,10^6 cell/ml,174,1,suspension,24-well plate,Waymouth's medium,primary,no,1,yes,no,no,medium + cells,no,cryopreserved,human,yes
Caffeine,58-08-2,0.13,ul/min/10^6 cells,hep,Louisse 2020,Lave.et.al...1997,10^6 cell/ml,192,1.5,plated,culture dish,WME,primary,no,1,no,no,no,medium + cells,yes,fresh,human,no
Caffeine,58-08-2,3.3,ul/min/10^6 cells,hep,Louisse 2020,McGinnity.et.al...2004,10^6 cell/ml,199,1,suspension,vial,DMEM,primary,yes,0.5,no,shaking,yes,medium + cells,no,fresh,human,no
Caffeine,58-08-2,0.13,ul/min/10^6 cells,hep,Louisse 2020,Shibata.et.al...2002,10^6 cell/ml,223,1,suspension,96-well plate,serum,primary,no,0.05,no,shaking,no,medium + cells,yes,cryopreserved,human,yes
Caffeine,58-08-2,1.2,ul/min/10^6 cells,hep,Louisse 2020,Sohlenius.Sternbeck.et.al...2012,10^6 cell/ml,270,1,suspension,96-well plate,WME,primary,no,0.1,no,shaking,no,medium + cells,no,cryopreserved,human,yes
Caffeine,58-08-2,6.3,ul/min/10^6 cells,hep,Louisse 2020,Zanelli.et.al...2012_1,10^6 cell/ml,328,0.25,suspension,96-well plate,WME,HepaRG,no,0.125,no,shaking,no,medium + cells,no,cryopreserved,human,no
Caffeine,58-08-2,3.09,ul/min/10^6 cells,hep,Louisse 2020,Zanelli.et.al...2012_2,10^6 cell/ml,342,0.25,suspension,96-well plate,WME,primary,no,0.125,no,shaking,no,medium + cells,no,cryopreserved,human,no
Carvidelol,,38.1,ul/min/10^6 cells,hep,Louisse 2020,Bonn.et.al...2016_1,10^6 cell/ml,23,0.67,suspension,24-well plate,non-defined commercial medium,primary,no,0.6,no,shaking,no,medium,no,cryopreserved,human,yes
Carvidelol,,8.6,ul/min/10^6 cells,hep,Louisse 2020,Bonn.et.al...2016_2,10^6 cell/ml,28,0.36,plated,96-well plate,non-defined commercial medium,HepaRG,no,0.2,no,no,no,medium,no,cryopreserved,human,yes
Carvidelol,,26.3,ul/min/10^6 cells,hep,Louisse 2020,Bonn.et.al...2016_3,10^6 cell/ml,34,1,plated,96-well plate,L-15 medium,primary,no,0.25,no,shaking,no,medium + cells,no,cryopreserved,human,no
Carvidelol,,34.2,ul/min/10^6 cells,hep,Louisse 2020,Bonn.et.al...2016_4,10^6 cell/ml,41,0.313,plated,24-well plate,non-defined commercial medium,primary co-culture,no,0.6,no,no,no,medium,no,cryopreserved,human,no
Carvidelol,,35,ul/min/10^6 cells,hep,Louisse 2020,McGinnity.et.al...2004,10^6 cell/ml,200,1,suspension,vial,DMEM,primary,yes,0.5,no,shaking,yes,medium + cells,no,fresh,human,no
Carvidelol,,29,ul/min/10^6 cells,hep,Louisse 2020,Sohlenius.Sternbeck.et.al...2010,10^6 cell/ml,244,1,suspension,96-well plate,WME,primary,no,0.1,no,shaking,no,medium + cells,no,cryopreserved,human,yes
Carvidelol,,44,ul/min/10^6 cells,hep,Louisse 2020,Sohlenius.Sternbeck.et.al...2012,10^6 cell/ml,271,1,suspension,96-well plate,WME,primary,no,0.1,no,shaking,no,medium + cells,no,cryopreserved,human,yes
Carvidelol,,13,ul/min/10^6 cells,hep,Louisse 2020,Yamagata.et.al...2017,10^6 cell/ml,310,1,suspension,96-well plate,KHB,primary,no,0.1,no,shaking,no,medium + cells,yes,cryopreserved,human,yes
Chlorpromazine,50-53-3,42.8,ul/min/10^6 cells,hep,Louisse 2020,Chao.et.al..2009_1,10^6 cell/ml,58,0.1,plated,96-well plate,non-defined commercial medium,primary,no,0.1,no,shaking,no,medium,no,cryopreserved,human,yes
Chlorpromazine,50-53-3,27.5,ul/min/10^6 cells,hep,Louisse 2020,Chao.et.al..2009_2,10^6 cell/ml,76,0.1,plated,96-well plate,non-defined commercial medium,primary,no,0.1,no,shaking,no,medium,yes,cryopreserved,human,yes
Chlorpromazine,50-53-3,31.4,ul/min/10^6 cells,hep,Louisse 2020,Chao.et.al..2009_3,10^6 cell/ml,92,0.1,plated,96-well plate,non-defined commercial medium,primary,no,0.1,no,shaking,no,medium,yes,cryopreserved,human,yes
Chlorpromazine,50-53-3,18.3,ul/min/10^6 cells,hep,Louisse 2020,Chao.et.al..2009_4,10^6 cell/ml,109,0.1,plated,96-well plate,non-defined commercial medium,primary,no,0.1,no,shaking,no,medium,yes,cryopreserved,human,yes
Chlorpromazine,50-53-3,11,ul/min/10^6 cells,hep,Louisse 2020,Lau.et.al...2002,10^6 cell/ml,175,1,suspension,24-well plate,Waymouth's medium,primary,no,1,yes,no,no,medium + cells,no,cryopreserved,human,yes
Chlorpromazine,50-53-3,17,ul/min/10^6 cells,hep,Louisse 2020,Sohlenius.Sternbeck.et.al...2010,10^6 cell/ml,245,1,suspension,96-well plate,WME,primary,no,0.1,no,shaking,no,medium + cells,no,cryopreserved,human,yes
Chlorpromazine,50-53-3,18.1,ul/min/10^6 cells,hep,Louisse 2020,Sohlenius.Sternbeck.et.al...2012,10^6 cell/ml,272,1,suspension,96-well plate,WME,primary,no,0.1,no,shaking,no,medium + cells,no,cryopreserved,human,yes
Chlorpromazine,50-53-3,18,ul/min/10^6 cells,hep,Louisse 2020,Yamagata.et.al...2017,10^6 cell/ml,311,1,suspension,96-well plate,KHB,primary,no,0.1,no,shaking,no,medium + cells,yes,cryopreserved,human,yes
Chlorpromazine,50-53-3,252.2,ul/min/10^6 cells,hep,Louisse 2020,Zanelli.et.al...2012_1,10^6 cell/ml,329,0.25,suspension,96-well plate,WME,HepaRG,no,0.125,no,shaking,no,medium + cells,no,cryopreserved,human,no
Chlorpromazine,50-53-3,82.5,ul/min/10^6 cells,hep,Louisse 2020,Zanelli.et.al...2012_2,10^6 cell/ml,343,0.25,suspension,96-well plate,WME,primary,no,0.125,no,shaking,no,medium + cells,no,cryopreserved,human,no
Clozapine,5786-21-0,11.6,ul/min/10^6 cells,hep,Louisse 2020,Chao.et.al..2009_1,10^6 cell/ml,59,0.1,plated,96-well plate,non-defined commercial medium,primary,no,0.1,no,shaking,no,medium,no,cryopreserved,human,yes
Clozapine,5786-21-0,5.4,ul/min/10^6 cells,hep,Louisse 2020,Chao.et.al..2009_2,10^6 cell/ml,77,0.1,plated,96-well plate,non-defined commercial medium,primary,no,0.1,no,shaking,no,medium,yes,cryopreserved,human,yes
Clozapine,5786-21-0,4,ul/min/10^6 cells,hep,Louisse 2020,Chao.et.al..2009_3,10^6 cell/ml,93,0.1,plated,96-well plate,non-defined commercial medium,primary,no,0.1,no,shaking,no,medium,yes,cryopreserved,human,yes
Clozapine,5786-21-0,2,ul/min/10^6 cells,hep,Louisse 2020,Chao.et.al..2009_4,10^6 cell/ml,110,0.1,plated,96-well plate,non-defined commercial medium,primary,no,0.1,no,shaking,no,medium,yes,cryopreserved,human,yes
Clozapine,5786-21-0,8.2,ul/min/10^6 cells,hep,Louisse 2020,Heinle.et.al...2015,10^6 cell/ml,127,0.5,suspension,384-well plate,WME,primary,yes,0.025,yes,shaking,no,medium + cells,no,cryopreserved,human,no
Clozapine,5786-21-0,16.5,ul/min/10^6 cells,hep,Louisse 2020,Hultman.et.al...2016,10^6 cell/ml,142,0.3,plated,96-well plate,non-defined commercial medium,primary co-culture,no,0.1,no,no,no,medium,no,cryopreserved,human,yes
Clozapine,5786-21-0,3,ul/min/10^6 cells,hep,Louisse 2020,Jacobson.et.al...2007,10^6 cell/ml,155,1,plated,96-well plate,L-15 medium,primary,yes,0.06,no,no,yes,medium + cells,no,cryopreserved,human,no
Clozapine,5786-21-0,5,ul/min/10^6 cells,hep,Louisse 2020,Jones.et.al...2017,10^6 cell/ml,164,1,suspension,96-well plate,L-15 medium,primary,no,0.1,no,no,no,medium + cells,no,cryopreserved,human,no
Clozapine,5786-21-0,6,ul/min/10^6 cells,hep,Louisse 2020,McGinnity.et.al...2004,10^6 cell/ml,201,1,suspension,vial,DMEM,primary,yes,0.5,no,shaking,yes,medium + cells,no,fresh,human,no
Clozapine,5786-21-0,7.6,ul/min/10^6 cells,hep,Louisse 2020,Sohlenius.Sternbeck.et.al...2010,10^6 cell/ml,246,1,suspension,96-well plate,WME,primary,no,0.1,no,shaking,no,medium + cells,no,cryopreserved,human,yes
Clozapine,5786-21-0,7.7,ul/min/10^6 cells,hep,Louisse 2020,Sohlenius.Sternbeck.et.al...2012,10^6 cell/ml,273,1,suspension,96-well plate,WME,primary,no,0.1,no,shaking,no,medium + cells,no,cryopreserved,human,yes
Dapsone,80-08-0,0.92,ul/min/10^6 cells,hep,Black.et.al...2021_1,Black.et.al...2021_1,10^6 cell/ml,NA,NA,NA,NA,NA,NA,NA,NA,NA,NA,NA,NA,NA,NA,NA,NA
Dapsone,80-08-0,1.15,ul/min/10^6 cells,hep,Black.et.al...2021_1,Black.et.al...2021_1,10^6 cell/ml,NA,NA,NA,NA,NA,NA,NA,NA,NA,NA,NA,NA,NA,NA,NA,NA
Dapsone,80-08-0,0.1,ul/min/10^6 cells,hep,Black.et.al...2021_1,Wambaugh.et.al...2019_1,10^6 cell/ml,NA,NA,NA,NA,NA,NA,NA,NA,NA,NA,NA,NA,NA,NA,NA,NA
Dapsone,80-08-0,0.1,ul/min/10^6 cells,hep,Black.et.al...2021_1,Wambaugh.et.al...2019_1,10^6 cell/ml,NA,NA,NA,NA,NA,NA,NA,NA,NA,NA,NA,NA,NA,NA,NA,NA
Desipramine,50-47-5,56.8,ul/min/10^6 cells,hep,Louisse 2020,Chao.et.al..2009_1,10^6 cell/ml,60,0.1,plated,96-well plate,non-defined commercial medium,primary,no,0.1,no,shaking,no,medium,no,cryopreserved,human,yes
Desipramine,50-47-5,44.7,ul/min/10^6 cells,hep,Louisse 2020,Chao.et.al..2009_2,10^6 cell/ml,78,0.1,plated,96-well plate,non-defined commercial medium,primary,no,0.1,no,shaking,no,medium,yes,cryopreserved,human,yes
Desipramine,50-47-5,35.5,ul/min/10^6 cells,hep,Louisse 2020,Chao.et.al..2009_3,10^6 cell/ml,94,0.1,plated,96-well plate,non-defined commercial medium,primary,no,0.1,no,shaking,no,medium,yes,cryopreserved,human,yes
Desipramine,50-47-5,28.2,ul/min/10^6 cells,hep,Louisse 2020,Chao.et.al..2009_4,10^6 cell/ml,111,0.1,plated,96-well plate,non-defined commercial medium,primary,no,0.1,no,shaking,no,medium,yes,cryopreserved,human,yes
Desipramine,50-47-5,11,ul/min/10^6 cells,hep,Louisse 2020,Lau.et.al...2002,10^6 cell/ml,176,1,suspension,24-well plate,Waymouth's medium,primary,no,1,yes,no,no,medium + cells,no,cryopreserved,human,yes
Desipramine,50-47-5,3,ul/min/10^6 cells,hep,Louisse 2020,McGinnity.et.al...2004,10^6 cell/ml,202,1,suspension,vial,DMEM,primary,yes,0.5,no,shaking,yes,medium + cells,no,fresh,human,no
Desipramine,50-47-5,3.3,ul/min/10^6 cells,hep,Louisse 2020,Sohlenius.Sternbeck.et.al...2010,10^6 cell/ml,247,1,suspension,96-well plate,WME,primary,no,0.1,no,shaking,no,medium + cells,no,cryopreserved,human,yes
Desipramine,50-47-5,3.9,ul/min/10^6 cells,hep,Louisse 2020,Sohlenius.Sternbeck.et.al...2012,10^6 cell/ml,274,1,suspension,96-well plate,WME,primary,no,0.1,no,shaking,no,medium + cells,no,cryopreserved,human,yes
Desipramine,50-47-5,6.2,ul/min/10^6 cells,hep,Louisse 2020,Yamagata.et.al...2017,10^6 cell/ml,312,1,suspension,96-well plate,KHB,primary,no,0.1,no,shaking,no,medium + cells,yes,cryopreserved,human,yes
Dextromethorphan,125-71-3,0.458,ul/min/10^6 cells,hep,Louisse 2020,Baudoin.et.al...2013,10^6 cell/ml,7,0.067,plated,liver chip,WME,primary,no,3,yes,flow,yes,medium,yes,cryopreserved,human,no
Dextromethorphan,125-71-3,67.4,ul/min/10^6 cells,hep,Louisse 2020,Brown.et.al...2007.2,10^6 cell/ml,53,1,suspension,24-well plate,KHB,primary,no,0.25,no,shaking,no,medium + cells,no,cryopreserved,human,yes
Dextromethorphan,125-71-3,24,ul/min/10^6 cells,hep,Louisse 2020,Heinle.et.al...2015,10^6 cell/ml,128,0.5,suspension,384-well plate,WME,primary,yes,0.025,yes,shaking,no,medium + cells,no,cryopreserved,human,no
Dextromethorphan,125-71-3,18,ul/min/10^6 cells,hep,Louisse 2020,Jacobson.et.al...2007,10^6 cell/ml,156,1,plated,96-well plate,L-15 medium,primary,yes,0.06,no,no,yes,medium + cells,no,cryopreserved,human,no
Dextromethorphan,125-71-3,7.6,ul/min/10^6 cells,hep,Louisse 2020,McGinnity.et.al...2004,10^6 cell/ml,203,1,suspension,vial,DMEM,primary,yes,0.5,no,shaking,yes,medium + cells,no,fresh,human,no
Dextromethorphan,125-71-3,21,ul/min/10^6 cells,hep,Louisse 2020,Smith.et.al...2012_1,10^6 cell/ml,235,0.5,suspension,12-well plate,WME,primary,yes,1.2,yes,shaking,yes,medium + cells,no,fresh,human,no
Dextromethorphan,125-71-3,13.8,ul/min/10^6 cells,hep,Louisse 2020,Smith.et.al...2012_2,10^6 cell/ml,238,0.5,suspension,12-well plate,WME,primary,yes,1.2,yes,shaking,yes,medium + cells,no,cryopreserved,human,no
Dextromethorphan,125-71-3,0.55,ul/min/10^6 cells,hep,Louisse 2020,Vivares.et.al...2015_1,10^6 cell/ml,304,0.84,plated,24-well plate,Ham's F-12/WME,primary,yes,0.5,yes,no,yes,medium,yes,cryopreserved,human,yes
Dextromethorphan,125-71-3,1.32,ul/min/10^6 cells,hep,Louisse 2020,Vivares.et.al...2015_2,10^6 cell/ml,307,0.43,plated,liver chip,Ham's F-12/WME,primary,yes,1.4,yes,flow,yes,medium,yes,cryopreserved,human,yes
Diazepam,439-14-5,0.4,ul/min/10^6 cells,hep,Louisse 2020,Bonn.et.al...2016_2,10^6 cell/ml,29,0.36,plated,96-well plate,non-defined commercial medium,HepaRG,no,0.2,no,no,no,medium,no,cryopreserved,human,yes
Diazepam,439-14-5,0.79,ul/min/10^6 cells,hep,Louisse 2020,Bonn.et.al...2016_3,10^6 cell/ml,35,1,plated,96-well plate,L-15 medium,primary,no,0.25,no,shaking,no,medium + cells,no,cryopreserved,human,no
Diazepam,439-14-5,1.35,ul/min/10^6 cells,hep,Louisse 2020,Bonn.et.al...2016_4,10^6 cell/ml,42,0.313,plated,24-well plate,non-defined commercial medium,primary co-culture,no,0.6,no,no,no,medium,no,cryopreserved,human,no
Diazepam,439-14-5,1.2,ul/min/10^6 cells,hep,Louisse 2020,Chao.et.al..2009_1,10^6 cell/ml,61,0.1,plated,96-well plate,non-defined commercial medium,primary,no,0.1,no,shaking,no,medium,no,cryopreserved,human,yes
Diazepam,439-14-5,0.1,ul/min/10^6 cells,hep,Louisse 2020,Chao.et.al..2009_2,10^6 cell/ml,79,0.1,plated,96-well plate,non-defined commercial medium,primary,no,0.1,no,shaking,no,medium,yes,cryopreserved,human,yes
Diazepam,439-14-5,5.1,ul/min/10^6 cells,hep,Louisse 2020,Floby.et.al...2009,10^6 cell/ml,123,1,suspension,96-well plate,KHB,primary,no,0.1,no,shaking,no,medium + cells,no,cryopreserved,human,yes
Diazepam,439-14-5,4.9,ul/min/10^6 cells,hep,Louisse 2020,Heinle.et.al...2015,10^6 cell/ml,129,0.5,suspension,384-well plate,WME,primary,yes,0.025,yes,shaking,no,medium + cells,no,cryopreserved,human,no
Diazepam,439-14-5,1.2,ul/min/10^6 cells,hep,Louisse 2020,Hultman.et.al...2016,10^6 cell/ml,143,0.3,plated,96-well plate,non-defined commercial medium,primary co-culture,no,0.1,no,no,no,medium,no,cryopreserved,human,yes
Diazepam,439-14-5,1.4,ul/min/10^6 cells,hep,Louisse 2020,Lau.et.al...2002,10^6 cell/ml,177,1,suspension,24-well plate,Waymouth's medium,primary,no,1,yes,no,no,medium + cells,no,cryopreserved,human,yes
Diazepam,439-14-5,0.69,ul/min/10^6 cells,hep,Louisse 2020,Lave.et.al...1997,10^6 cell/ml,193,1.5,plated,culture dish,WME,primary,no,1,no,no,no,medium + cells,yes,fresh,human,no
Diazepam,439-14-5,0.3,ul/min/10^6 cells,hep,Louisse 2020,McGinnity.et.al...2004,10^6 cell/ml,204,1,suspension,vial,DMEM,primary,yes,0.5,no,shaking,yes,medium + cells,no,fresh,human,no
Diazepam,439-14-5,0.05,ul/min/10^6 cells,hep,Louisse 2020,Shibata.et.al...2002,10^6 cell/ml,224,1,suspension,96-well plate,serum,primary,no,0.05,no,shaking,no,medium + cells,yes,cryopreserved,human,yes
Diazepam,439-14-5,1.5,ul/min/10^6 cells,hep,Louisse 2020,Sohlenius.Sternbeck.et.al...2010,10^6 cell/ml,248,1,suspension,96-well plate,WME,primary,no,0.1,no,shaking,no,medium + cells,no,cryopreserved,human,yes
Diazepam,439-14-5,1.2,ul/min/10^6 cells,hep,Louisse 2020,Sohlenius.Sternbeck.et.al...2012,10^6 cell/ml,275,1,suspension,96-well plate,WME,primary,no,0.1,no,shaking,no,medium + cells,no,cryopreserved,human,yes
Diazepam,439-14-5,0.8,ul/min/10^6 cells,hep,Louisse 2020,Yamagata.et.al...2017,10^6 cell/ml,313,1,suspension,96-well plate,KHB,primary,no,0.1,no,shaking,no,medium + cells,yes,cryopreserved,human,yes
Diclofenac,15307-86-5,122.4,ul/min/10^6 cells,hep,Louisse 2020,Akabane.et.al...2012_1,10^6 cell/ml,1,0.1,suspension,24-well plate,WME,primary,yes,0.5,yes,no,no,medium + cells,no,fresh,human,yes
Diclofenac,15307-86-5,108.2,ul/min/10^6 cells,hep,Louisse 2020,Akabane.et.al...2012_2,10^6 cell/ml,4,0.1,suspension,24-well plate,WME,primary,yes,0.5,yes,no,no,medium + cells,no,cryopreserved,human,yes
Diclofenac,15307-86-5,38,ul/min/10^6 cells,hep,Louisse 2020,Brown.et.al...2007,10^6 cell/ml,49,0.25,suspension,24-well plate,KHB,primary,no,0.25,no,shaking,no,medium + cells,no,cryopreserved,human,yes
Diclofenac,15307-86-5,13.4,ul/min/10^6 cells,hep,Louisse 2020,Chao.et.al..2009_1,10^6 cell/ml,62,0.1,plated,96-well plate,non-defined commercial medium,primary,no,0.1,no,shaking,no,medium,no,cryopreserved,human,yes
Diclofenac,15307-86-5,3.7,ul/min/10^6 cells,hep,Louisse 2020,Chao.et.al..2009_2,10^6 cell/ml,80,0.1,plated,96-well plate,non-defined commercial medium,primary,no,0.1,no,shaking,no,medium,yes,cryopreserved,human,yes
Diclofenac,15307-86-5,2.7,ul/min/10^6 cells,hep,Louisse 2020,Chao.et.al..2009_3,10^6 cell/ml,95,0.1,plated,96-well plate,non-defined commercial medium,primary,no,0.1,no,shaking,no,medium,yes,cryopreserved,human,yes
Diclofenac,15307-86-5,3.8,ul/min/10^6 cells,hep,Louisse 2020,Chao.et.al..2009_4,10^6 cell/ml,112,0.1,plated,96-well plate,non-defined commercial medium,primary,no,0.1,no,shaking,no,medium,yes,cryopreserved,human,yes
Diclofenac,15307-86-5,18.4,ul/min/10^6 cells,hep,Louisse 2020,Floby.et.al...2009,10^6 cell/ml,124,1,suspension,96-well plate,KHB,primary,no,0.1,no,shaking,no,medium + cells,no,cryopreserved,human,yes
Diclofenac,15307-86-5,45,ul/min/10^6 cells,hep,Louisse 2020,Heinle.et.al...2015,10^6 cell/ml,130,0.5,suspension,384-well plate,WME,primary,yes,0.025,yes,shaking,no,medium + cells,no,cryopreserved,human,no
Diclofenac,15307-86-5,0.77,ul/min/10^6 cells,hep,Louisse 2020,Shibata.et.al...2002,10^6 cell/ml,225,1,suspension,96-well plate,serum,primary,no,0.05,no,shaking,no,medium + cells,yes,cryopreserved,human,yes
Diclofenac,15307-86-5,19,ul/min/10^6 cells,hep,Louisse 2020,Sohlenius.Sternbeck.et.al...2010,10^6 cell/ml,249,1,suspension,96-well plate,WME,primary,no,0.1,no,shaking,no,medium + cells,no,cryopreserved,human,yes
Diclofenac,15307-86-5,32.7,ul/min/10^6 cells,hep,Louisse 2020,Sohlenius.Sternbeck.et.al...2012,10^6 cell/ml,276,1,suspension,96-well plate,WME,primary,no,0.1,no,shaking,no,medium + cells,no,cryopreserved,human,yes
Diclofenac,15307-86-5,18.2,ul/min/10^6 cells,hep,Louisse 2020,Tsamandouras.et.al...2016,10^6 cell/ml,297,0.375,plated,liver chip,WME,primary,no,1.6,no,flow,yes,medium,no,cryopreserved,human,yes
Diclofenac,15307-86-5,16.9,ul/min/10^6 cells,hep,Louisse 2020,Zanelli.et.al...2012_1,10^6 cell/ml,330,0.25,suspension,96-well plate,WME,HepaRG,no,0.125,no,shaking,no,medium + cells,no,cryopreserved,human,no
Diclofenac,15307-86-5,22.8,ul/min/10^6 cells,hep,Louisse 2020,Zanelli.et.al...2012_2,10^6 cell/ml,344,0.25,suspension,96-well plate,WME,primary,no,0.125,no,shaking,no,medium + cells,no,cryopreserved,human,no
Diltiazem,42399-41-7,3.1,ul/min/10^6 cells,hep,Louisse 2020,Chao.et.al..2009_1,10^6 cell/ml,63,0.1,plated,96-well plate,non-defined commercial medium,primary,no,0.1,no,shaking,no,medium,no,cryopreserved,human,yes
Diltiazem,42399-41-7,5.1,ul/min/10^6 cells,hep,Louisse 2020,Chao.et.al..2009_2,10^6 cell/ml,81,0.1,plated,96-well plate,non-defined commercial medium,primary,no,0.1,no,shaking,no,medium,yes,cryopreserved,human,yes
Diltiazem,42399-41-7,4.2,ul/min/10^6 cells,hep,Louisse 2020,Chao.et.al..2009_3,10^6 cell/ml,96,0.1,plated,96-well plate,non-defined commercial medium,primary,no,0.1,no,shaking,no,medium,yes,cryopreserved,human,yes
Diltiazem,42399-41-7,5.8,ul/min/10^6 cells,hep,Louisse 2020,Chao.et.al..2009_4,10^6 cell/ml,113,0.1,plated,96-well plate,non-defined commercial medium,primary,no,0.1,no,shaking,no,medium,yes,cryopreserved,human,yes
Diltiazem,42399-41-7,15,ul/min/10^6 cells,hep,Louisse 2020,Heinle.et.al...2015,10^6 cell/ml,131,0.5,suspension,384-well plate,WME,primary,yes,0.025,yes,shaking,no,medium + cells,no,cryopreserved,human,no
Diltiazem,42399-41-7,4.8,ul/min/10^6 cells,hep,Louisse 2020,Jacobson.et.al...2007,10^6 cell/ml,157,1,plated,96-well plate,L-15 medium,primary,yes,0.06,no,no,yes,medium + cells,no,cryopreserved,human,no
Diltiazem,42399-41-7,4.7,ul/min/10^6 cells,hep,Louisse 2020,Lau.et.al...2002,10^6 cell/ml,178,1,suspension,24-well plate,Waymouth's medium,primary,no,1,yes,no,no,medium + cells,no,cryopreserved,human,yes
Diltiazem,42399-41-7,1.62,ul/min/10^6 cells,hep,Louisse 2020,Lave.et.al...1997,10^6 cell/ml,194,1.5,plated,culture dish,WME,primary,no,1,no,no,no,medium + cells,yes,fresh,human,no
Diltiazem,42399-41-7,9,ul/min/10^6 cells,hep,Louisse 2020,McGinnity.et.al...2004,10^6 cell/ml,205,1,suspension,vial,DMEM,primary,yes,0.5,no,shaking,yes,medium + cells,no,fresh,human,no
Diltiazem,42399-41-7,6.8,ul/min/10^6 cells,hep,Louisse 2020,Sohlenius.Sternbeck.et.al...2010,10^6 cell/ml,250,1,suspension,96-well plate,WME,primary,no,0.1,no,shaking,no,medium + cells,no,cryopreserved,human,yes
Diltiazem,42399-41-7,7.4,ul/min/10^6 cells,hep,Louisse 2020,Sohlenius.Sternbeck.et.al...2012,10^6 cell/ml,277,1,suspension,96-well plate,WME,primary,no,0.1,no,shaking,no,medium + cells,no,cryopreserved,human,yes
Diltiazem,42399-41-7,6.9,ul/min/10^6 cells,hep,Louisse 2020,Yamagata.et.al...2017,10^6 cell/ml,314,1,suspension,96-well plate,KHB,primary,no,0.1,no,shaking,no,medium + cells,yes,cryopreserved,human,yes
Disopyramide,50-47-5,0.16,ul/min/10^6 cells,hep,Louisse 2020,Bonn.et.al...2016_2,10^6 cell/ml,30,0.36,plated,96-well plate,non-defined commercial medium,HepaRG,no,0.2,no,no,no,medium,no,cryopreserved,human,yes
Disopyramide,50-47-5,0.21,ul/min/10^6 cells,hep,Louisse 2020,Bonn.et.al...2016_3,10^6 cell/ml,36,1,plated,96-well plate,L-15 medium,primary,no,0.25,no,shaking,no,medium + cells,no,cryopreserved,human,no
Disopyramide,50-47-5,0.4,ul/min/10^6 cells,hep,Louisse 2020,Bonn.et.al...2016_4,10^6 cell/ml,43,0.313,plated,24-well plate,non-defined commercial medium,primary co-culture,no,0.6,no,no,no,medium,no,cryopreserved,human,no
Disopyramide,50-47-5,0.2,ul/min/10^6 cells,hep,Louisse 2020,Chao.et.al..2009_1,10^6 cell/ml,64,0.1,plated,96-well plate,non-defined commercial medium,primary,no,0.1,no,shaking,no,medium,no,cryopreserved,human,yes
Disopyramide,50-47-5,0.2,ul/min/10^6 cells,hep,Louisse 2020,Chao.et.al..2009_2,10^6 cell/ml,82,0.1,plated,96-well plate,non-defined commercial medium,primary,no,0.1,no,shaking,no,medium,yes,cryopreserved,human,yes
Disopyramide,50-47-5,0.3,ul/min/10^6 cells,hep,Louisse 2020,Chao.et.al..2009_3,10^6 cell/ml,97,0.1,plated,96-well plate,non-defined commercial medium,primary,no,0.1,no,shaking,no,medium,yes,cryopreserved,human,yes
Disopyramide,50-47-5,0.5,ul/min/10^6 cells,hep,Louisse 2020,Chao.et.al..2009_4,10^6 cell/ml,114,0.1,plated,96-well plate,non-defined commercial medium,primary,no,0.1,no,shaking,no,medium,yes,cryopreserved,human,yes
Disopyramide,50-47-5,0.3,ul/min/10^6 cells,hep,Louisse 2020,Hultman.et.al...2016,10^6 cell/ml,144,0.3,plated,96-well plate,non-defined commercial medium,primary co-culture,no,0.1,no,no,no,medium,no,cryopreserved,human,yes
Ibuprofen,15687-27-1,4.2,ul/min/10^6 cells,hep,Louisse 2020,Lau.et.al...2002,10^6 cell/ml,179,1,suspension,24-well plate,Waymouth's medium,primary,no,1,yes,no,no,medium + cells,no,cryopreserved,human,yes
Ibuprofen,15687-27-1,6.7,ul/min/10^6 cells,hep,Louisse 2020,Sohlenius.Sternbeck.et.al...2010,10^6 cell/ml,251,1,suspension,96-well plate,WME,primary,no,0.1,no,shaking,no,medium + cells,no,cryopreserved,human,yes
Ibuprofen,15687-27-1,8,ul/min/10^6 cells,hep,Louisse 2020,Sohlenius.Sternbeck.et.al...2012,10^6 cell/ml,278,1,suspension,96-well plate,WME,primary,no,0.1,no,shaking,no,medium + cells,no,cryopreserved,human,yes
Ibuprofen,15687-27-1,4.28,ul/min/10^6 cells,hep,Louisse 2020,Tsamandouras.et.al...2016,10^6 cell/ml,298,0.375,plated,liver chip,WME,primary,no,1.6,no,flow,yes,medium,no,cryopreserved,human,yes
Ibuprofen,15687-27-1,3.29,ul/min/10^6 cells,hep,Louisse 2020,Zanelli.et.al...2012_2,10^6 cell/ml,345,0.25,suspension,96-well plate,WME,primary,no,0.125,no,shaking,no,medium + cells,no,cryopreserved,human,no
Imipramine,50-49-7,4.7,ul/min/10^6 cells,hep,Louisse 2020,Bonn.et.al...2016_1,10^6 cell/ml,24,0.67,suspension,24-well plate,non-defined commercial medium,primary,no,0.6,no,shaking,no,medium,no,cryopreserved,human,yes
Imipramine,50-49-7,8.6,ul/min/10^6 cells,hep,Louisse 2020,Bonn.et.al...2016_3,10^6 cell/ml,37,1,plated,96-well plate,L-15 medium,primary,no,0.25,no,shaking,no,medium + cells,no,cryopreserved,human,no
Imipramine,50-49-7,1.7,ul/min/10^6 cells,hep,Louisse 2020,Bonn.et.al...2016_4,10^6 cell/ml,44,0.313,plated,24-well plate,non-defined commercial medium,primary co-culture,no,0.6,no,no,no,medium,no,cryopreserved,human,no
Imipramine,50-49-7,30.7,ul/min/10^6 cells,hep,Louisse 2020,Chao.et.al..2009_1,10^6 cell/ml,65,0.1,plated,96-well plate,non-defined commercial medium,primary,no,0.1,no,shaking,no,medium,no,cryopreserved,human,yes
Imipramine,50-49-7,24.1,ul/min/10^6 cells,hep,Louisse 2020,Chao.et.al..2009_2,10^6 cell/ml,83,0.1,plated,96-well plate,non-defined commercial medium,primary,no,0.1,no,shaking,no,medium,yes,cryopreserved,human,yes
Imipramine,50-49-7,25.6,ul/min/10^6 cells,hep,Louisse 2020,Chao.et.al..2009_3,10^6 cell/ml,98,0.1,plated,96-well plate,non-defined commercial medium,primary,no,0.1,no,shaking,no,medium,yes,cryopreserved,human,yes
Imipramine,50-49-7,27,ul/min/10^6 cells,hep,Louisse 2020,Chao.et.al..2009_4,10^6 cell/ml,115,0.1,plated,96-well plate,non-defined commercial medium,primary,no,0.1,no,shaking,no,medium,yes,cryopreserved,human,yes
Imipramine,50-49-7,17,ul/min/10^6 cells,hep,Louisse 2020,Heinle.et.al...2015,10^6 cell/ml,132,0.5,suspension,384-well plate,WME,primary,yes,0.025,yes,shaking,no,medium + cells,no,cryopreserved,human,no
Imipramine,50-49-7,19.6,ul/min/10^6 cells,hep,Louisse 2020,Hultman.et.al...2016,10^6 cell/ml,145,0.3,plated,96-well plate,non-defined commercial medium,primary co-culture,no,0.1,no,no,no,medium,no,cryopreserved,human,yes
Imipramine,50-49-7,7.3,ul/min/10^6 cells,hep,Louisse 2020,Jacobson.et.al...2007,10^6 cell/ml,158,1,plated,96-well plate,L-15 medium,primary,yes,0.06,no,no,yes,medium + cells,no,cryopreserved,human,no
Imipramine,50-49-7,9,ul/min/10^6 cells,hep,Louisse 2020,Jones.et.al...2017,10^6 cell/ml,165,1,suspension,96-well plate,L-15 medium,primary,no,0.1,no,no,no,medium + cells,no,cryopreserved,human,no
Imipramine,50-49-7,8.2,ul/min/10^6 cells,hep,Louisse 2020,Lau.et.al...2002,10^6 cell/ml,180,1,suspension,24-well plate,Waymouth's medium,primary,no,1,yes,no,no,medium + cells,no,cryopreserved,human,yes
Imipramine,50-49-7,8,ul/min/10^6 cells,hep,Louisse 2020,McGinnity.et.al...2004,10^6 cell/ml,206,1,suspension,vial,DMEM,primary,yes,0.5,no,shaking,yes,medium + cells,no,fresh,human,no
Imipramine,50-49-7,11.4,ul/min/10^6 cells,hep,Louisse 2020,Nguyen.et.al...2016,10^6 cell/ml,217,0.75,suspension,vial,WME,primary,no,1,no,no,no,medium + cells,no,cryopreserved,human,yes
Imipramine,50-49-7,1.78,ul/min/10^6 cells,hep,Louisse 2020,Shibata.et.al...2002,10^6 cell/ml,226,1,suspension,96-well plate,serum,primary,no,0.05,no,shaking,no,medium + cells,yes,cryopreserved,human,yes
Imipramine,50-49-7,6.6,ul/min/10^6 cells,hep,Louisse 2020,Sohlenius.Sternbeck.et.al...2010,10^6 cell/ml,252,1,suspension,96-well plate,WME,primary,no,0.1,no,shaking,no,medium + cells,no,cryopreserved,human,yes
Imipramine,50-49-7,7.3,ul/min/10^6 cells,hep,Louisse 2020,Sohlenius.Sternbeck.et.al...2012,10^6 cell/ml,279,1,suspension,96-well plate,WME,primary,no,0.1,no,shaking,no,medium + cells,no,cryopreserved,human,yes
Imipramine,50-49-7,23.6,ul/min/10^6 cells,hep,Louisse 2020,Zanelli.et.al...2012_1,10^6 cell/ml,331,0.25,suspension,96-well plate,WME,HepaRG,no,0.125,no,shaking,no,medium + cells,no,cryopreserved,human,no
Imipramine,50-49-7,86.8,ul/min/10^6 cells,hep,Louisse 2020,Zanelli.et.al...2012_2,10^6 cell/ml,346,0.25,suspension,96-well plate,WME,primary,no,0.125,no,shaking,no,medium + cells,no,cryopreserved,human,no
Ipconazole,125225-28-7,106,ul/min/10^6 cells,hep,Black.et.al...2021_1,Black.et.al...2021_1,10^6 cell/ml,NA,NA,NA,NA,NA,NA,NA,NA,NA,NA,NA,NA,NA,NA,NA,NA
Ipconazole,125225-28-7,242,ul/min/10^6 cells,hep,Black.et.al...2021_1,Black.et.al...2021_1,10^6 cell/ml,NA,NA,NA,NA,NA,NA,NA,NA,NA,NA,NA,NA,NA,NA,NA,NA
Ipconazole,125225-28-7,17.8,ul/min/10^6 cells,hep,Black.et.al...2021_1,Wambaugh.et.al...2019_1,10^6 cell/ml,NA,NA,NA,NA,NA,NA,NA,NA,NA,NA,NA,NA,NA,NA,NA,NA
Ipconazole,125225-28-7,101,ul/min/10^6 cells,hep,Black.et.al...2021_1,Wambaugh.et.al...2019_1,10^6 cell/ml,NA,NA,NA,NA,NA,NA,NA,NA,NA,NA,NA,NA,NA,NA,NA,NA
Ketanserin,74050-98-9,42,ul/min/10^6 cells,hep,Louisse 2020,Akabane.et.al...2012_1.1,10^6 cell/ml,3,0.25,suspension,24-well plate,WME,primary,yes,0.5,yes,no,no,medium + cells,no,fresh,human,yes
Ketanserin,74050-98-9,52.5,ul/min/10^6 cells,hep,Louisse 2020,Akabane.et.al...2012_2.1,10^6 cell/ml,6,0.25,suspension,24-well plate,WME,primary,yes,0.5,yes,no,no,medium + cells,no,cryopreserved,human,yes
Ketanserin,74050-98-9,33.1,ul/min/10^6 cells,hep,Louisse 2020,Bonn.et.al...2016_1,10^6 cell/ml,25,0.67,suspension,24-well plate,non-defined commercial medium,primary,no,0.6,no,shaking,no,medium,no,cryopreserved,human,yes
Ketanserin,74050-98-9,0.65,ul/min/10^6 cells,hep,Louisse 2020,Bonn.et.al...2016_2,10^6 cell/ml,31,0.36,plated,96-well plate,non-defined commercial medium,HepaRG,no,0.2,no,no,no,medium,no,cryopreserved,human,yes
Ketanserin,74050-98-9,8.3,ul/min/10^6 cells,hep,Louisse 2020,Bonn.et.al...2016_3,10^6 cell/ml,38,1,plated,96-well plate,L-15 medium,primary,no,0.25,no,shaking,no,medium + cells,no,cryopreserved,human,no
Ketanserin,74050-98-9,14.1,ul/min/10^6 cells,hep,Louisse 2020,Bonn.et.al...2016_4,10^6 cell/ml,45,0.313,plated,24-well plate,non-defined commercial medium,primary co-culture,no,0.6,no,no,no,medium,no,cryopreserved,human,no
Ketoprofen,22071-15-4,6.6,ul/min/10^6 cells,hep,Louisse 2020,Bonn.et.al...2016_1,10^6 cell/ml,26,0.67,suspension,24-well plate,non-defined commercial medium,primary,no,0.6,no,shaking,no,medium,no,cryopreserved,human,yes
Ketoprofen,22071-15-4,3.9,ul/min/10^6 cells,hep,Louisse 2020,Bonn.et.al...2016_3,10^6 cell/ml,39,1,plated,96-well plate,L-15 medium,primary,no,0.25,no,shaking,no,medium + cells,no,cryopreserved,human,no
Ketoprofen,22071-15-4,4.3,ul/min/10^6 cells,hep,Louisse 2020,Bonn.et.al...2016_4,10^6 cell/ml,46,0.313,plated,24-well plate,non-defined commercial medium,primary co-culture,no,0.6,no,no,no,medium,no,cryopreserved,human,no
Ketoprofen,22071-15-4,8.6,ul/min/10^6 cells,hep,Louisse 2020,Heinle.et.al...2015,10^6 cell/ml,133,0.5,suspension,384-well plate,WME,primary,yes,0.025,yes,shaking,no,medium + cells,no,cryopreserved,human,no
Ketoprofen,22071-15-4,5.9,ul/min/10^6 cells,hep,Louisse 2020,Hultman.et.al...2016,10^6 cell/ml,146,0.3,plated,96-well plate,non-defined commercial medium,primary co-culture,no,0.1,no,no,no,medium,no,cryopreserved,human,yes
Ketoprofen,22071-15-4,9,ul/min/10^6 cells,hep,Louisse 2020,Palmgren.et.al...2013,10^6 cell/ml,219,1,suspension,96-well plate,WME,primary,yes,0.05,yes,no,no,medium + cells,no,cryopreserved,human,no
Ketoprofen,22071-15-4,3.7,ul/min/10^6 cells,hep,Louisse 2020,Sohlenius.Sternbeck.et.al...2010,10^6 cell/ml,253,1,suspension,96-well plate,WME,primary,no,0.1,no,shaking,no,medium + cells,no,cryopreserved,human,yes
Ketoprofen,22071-15-4,2.3,ul/min/10^6 cells,hep,Louisse 2020,Sohlenius.Sternbeck.et.al...2012,10^6 cell/ml,280,1,suspension,96-well plate,WME,primary,no,0.1,no,shaking,no,medium + cells,no,cryopreserved,human,yes
Ketoprofen,22071-15-4,0.63,ul/min/10^6 cells,hep,Louisse 2020,Yamagata.et.al...2017,10^6 cell/ml,315,1,suspension,96-well plate,KHB,primary,no,0.1,no,shaking,no,medium + cells,yes,cryopreserved,human,yes
Ketoprofen,22071-15-4,6.28,ul/min/10^6 cells,hep,Louisse 2020,Zanelli.et.al...2012_2,10^6 cell/ml,347,0.25,suspension,96-well plate,WME,primary,no,0.125,no,shaking,no,medium + cells,no,cryopreserved,human,no
Ketoprofen,22071-15-4,1.95,ul/min/10^6 cells,hep,Louisse 2020,Zanelli.et.al...2019,10^6 cell/ml,361,1,suspension,96-well plate,KHB,primary,no,0.05,no,shaking,no,medium + cells,yes,cryopreserved,human,yes
Lidocaine,,6.6,ul/min/10^6 cells,hep,Louisse 2020,Heinle.et.al...2015,10^6 cell/ml,134,0.5,suspension,384-well plate,WME,primary,yes,0.025,yes,shaking,no,medium + cells,no,cryopreserved,human,no
Lidocaine,,2.43,ul/min/10^6 cells,hep,Louisse 2020,Shibata.et.al...2002,10^6 cell/ml,227,1,suspension,96-well plate,serum,primary,no,0.05,no,shaking,no,medium + cells,yes,cryopreserved,human,yes
Lidocaine,,6.2,ul/min/10^6 cells,hep,Louisse 2020,Sohlenius.Sternbeck.et.al...2010,10^6 cell/ml,254,1,suspension,96-well plate,WME,primary,no,0.1,no,shaking,no,medium + cells,no,cryopreserved,human,yes
Lidocaine,,4.31,ul/min/10^6 cells,hep,Louisse 2020,Tsamandouras.et.al...2016,10^6 cell/ml,299,0.375,plated,liver chip,WME,primary,no,1.6,no,flow,yes,medium,no,cryopreserved,human,yes
Lidocaine,,12.1,ul/min/10^6 cells,hep,Louisse 2020,Zanelli.et.al...2012_1,10^6 cell/ml,332,0.25,suspension,96-well plate,WME,HepaRG,no,0.125,no,shaking,no,medium + cells,no,cryopreserved,human,no
Lidocaine,,21.3,ul/min/10^6 cells,hep,Louisse 2020,Zanelli.et.al...2012_2,10^6 cell/ml,348,0.25,suspension,96-well plate,WME,primary,no,0.125,no,shaking,no,medium + cells,no,cryopreserved,human,no
Lorazepam,846-49-1,0.4,ul/min/10^6 cells,hep,Louisse 2020,Chao.et.al..2009_1,10^6 cell/ml,66,0.1,plated,96-well plate,non-defined commercial medium,primary,no,0.1,no,shaking,no,medium,no,cryopreserved,human,yes
Lorazepam,846-49-1,0.3,ul/min/10^6 cells,hep,Louisse 2020,Chao.et.al..2009_2,10^6 cell/ml,84,0.1,plated,96-well plate,non-defined commercial medium,primary,no,0.1,no,shaking,no,medium,yes,cryopreserved,human,yes
Lorazepam,846-49-1,0.2,ul/min/10^6 cells,hep,Louisse 2020,Chao.et.al..2009_3,10^6 cell/ml,99,0.1,plated,96-well plate,non-defined commercial medium,primary,no,0.1,no,shaking,no,medium,yes,cryopreserved,human,yes
Lorazepam,846-49-1,1.1,ul/min/10^6 cells,hep,Louisse 2020,Hultman.et.al...2016,10^6 cell/ml,147,0.3,plated,96-well plate,non-defined commercial medium,primary co-culture,no,0.1,no,no,no,medium,no,cryopreserved,human,yes
Lorazepam,846-49-1,0.27,ul/min/10^6 cells,hep,Louisse 2020,Lau.et.al...2002,10^6 cell/ml,181,1,suspension,24-well plate,Waymouth's medium,primary,no,1,yes,no,no,medium + cells,no,cryopreserved,human,yes
Lorazepam,846-49-1,0.28,ul/min/10^6 cells,hep,Louisse 2020,Lave.et.al...1997,10^6 cell/ml,195,1.5,plated,culture dish,WME,primary,no,1,no,no,no,medium + cells,yes,fresh,human,no
Lorazepam,846-49-1,1,ul/min/10^6 cells,hep,Louisse 2020,McGinnity.et.al...2004,10^6 cell/ml,207,1,suspension,vial,DMEM,primary,yes,0.5,no,shaking,yes,medium + cells,no,fresh,human,no
Metoprolol,51384-51-1,4.1,ul/min/10^6 cells,hep,Louisse 2020,Heinle.et.al...2015,10^6 cell/ml,135,0.5,suspension,384-well plate,WME,primary,yes,0.025,yes,shaking,no,medium + cells,no,cryopreserved,human,no
Metoprolol,51384-51-1,1,ul/min/10^6 cells,hep,Louisse 2020,Hultman.et.al...2016,10^6 cell/ml,148,0.3,plated,96-well plate,non-defined commercial medium,primary co-culture,no,0.1,no,no,no,medium,no,cryopreserved,human,yes
Metoprolol,51384-51-1,4.3,ul/min/10^6 cells,hep,Louisse 2020,Jacobson.et.al...2007,10^6 cell/ml,159,1,plated,96-well plate,L-15 medium,primary,yes,0.06,no,no,yes,medium + cells,no,cryopreserved,human,no
Metoprolol,51384-51-1,4.28,ul/min/10^6 cells,hep,Louisse 2020,Kidambi.et.al...2009,10^6 cell/ml,168,1,suspension,microcentrifuge tube,DMEM,primary,no,0.5,no,shaking,yes,medium + cells,yes,fresh,human,yes
Metoprolol,51384-51-1,7,ul/min/10^6 cells,hep,Louisse 2020,McGinnity.et.al...2004,10^6 cell/ml,208,1,suspension,vial,DMEM,primary,yes,0.5,no,shaking,yes,medium + cells,no,fresh,human,no
Metoprolol,51384-51-1,1.47,ul/min/10^6 cells,hep,Louisse 2020,Shibata.et.al...2002,10^6 cell/ml,228,1,suspension,96-well plate,serum,primary,no,0.05,no,shaking,no,medium + cells,yes,cryopreserved,human,yes
Metoprolol,51384-51-1,1.4,ul/min/10^6 cells,hep,Louisse 2020,Sohlenius.Sternbeck.et.al...2010,10^6 cell/ml,255,1,suspension,96-well plate,WME,primary,no,0.1,no,shaking,no,medium + cells,no,cryopreserved,human,yes
Metoprolol,51384-51-1,6.2,ul/min/10^6 cells,hep,Louisse 2020,Sohlenius.Sternbeck.et.al...2012,10^6 cell/ml,281,1,suspension,96-well plate,WME,primary,no,0.1,no,shaking,no,medium + cells,no,cryopreserved,human,yes
Metoprolol,51384-51-1,1.6,ul/min/10^6 cells,hep,Louisse 2020,Yamagata.et.al...2017,10^6 cell/ml,316,1,suspension,96-well plate,KHB,primary,no,0.1,no,shaking,no,medium + cells,yes,cryopreserved,human,yes
Metoprolol,51384-51-1,8.41,ul/min/10^6 cells,hep,Louisse 2020,Zanelli.et.al...2012_1,10^6 cell/ml,333,0.25,suspension,96-well plate,WME,HepaRG,no,0.125,no,shaking,no,medium + cells,no,cryopreserved,human,no
Metoprolol,51384-51-1,13,ul/min/10^6 cells,hep,Louisse 2020,Zanelli.et.al...2012_2,10^6 cell/ml,349,0.25,suspension,96-well plate,WME,primary,no,0.125,no,shaking,no,medium + cells,no,cryopreserved,human,no
Midazolam,59467-70-8,0.316,ul/min/10^6 cells,hep,Louisse 2020,Baudoin.et.al...2013,10^6 cell/ml,8,0.067,plated,liver chip,WME,primary,no,3,yes,flow,yes,medium,yes,cryopreserved,human,no
Midazolam,59467-70-8,18.9,ul/min/10^6 cells,hep,Louisse 2020,Blanchard.et.al...2005_1,10^6 cell/ml,12,1.5,plated,24-well plate,WME,primary,no,0.5,yes,no,yes,medium,no,fresh,human,no
Midazolam,59467-70-8,2.76,ul/min/10^6 cells,hep,Louisse 2020,Blanchard.et.al...2005_2,10^6 cell/ml,15,1.5,plated,24-well plate,serum,primary,no,0.5,no,no,no,medium,yes,fresh,human,no
Midazolam,59467-70-8,11.3,ul/min/10^6 cells,hep,Louisse 2020,Blanchard.et.al...2005_3,10^6 cell/ml,18,2,suspension,24-well plate,WME,primary,no,0.5,yes,no,yes,medium + cells,no,fresh,human,no
Midazolam,59467-70-8,2.5,ul/min/10^6 cells,hep,Louisse 2020,Blanchard.et.al...2005_4,10^6 cell/ml,21,2,suspension,24-well plate,serum,primary,no,0.5,no,no,no,medium + cells,yes,fresh,human,no
Midazolam,59467-70-8,9.8,ul/min/10^6 cells,hep,Louisse 2020,Floby.et.al...2009,10^6 cell/ml,125,1,suspension,96-well plate,KHB,primary,no,0.1,no,shaking,no,medium + cells,no,cryopreserved,human,yes
Midazolam,59467-70-8,50,ul/min/10^6 cells,hep,Louisse 2020,Heinle.et.al...2015,10^6 cell/ml,136,0.5,suspension,384-well plate,WME,primary,yes,0.025,yes,shaking,no,medium + cells,no,cryopreserved,human,no
Midazolam,59467-70-8,7,ul/min/10^6 cells,hep,Louisse 2020,Lau.et.al...2002,10^6 cell/ml,182,1,suspension,24-well plate,Waymouth's medium,primary,no,1,yes,no,no,medium + cells,no,cryopreserved,human,yes
Midazolam,59467-70-8,4.49,ul/min/10^6 cells,hep,Louisse 2020,Lave.et.al...1997,10^6 cell/ml,196,1.5,plated,culture dish,WME,primary,no,1,no,no,no,medium + cells,yes,fresh,human,no
Midazolam,59467-70-8,14,ul/min/10^6 cells,hep,Louisse 2020,McGinnity.et.al...2004,10^6 cell/ml,209,1,suspension,vial,DMEM,primary,yes,0.5,no,shaking,yes,medium + cells,no,fresh,human,no
Midazolam,59467-70-8,16.5,ul/min/10^6 cells,hep,Louisse 2020,Smith.et.al...2012_1,10^6 cell/ml,236,0.5,suspension,12-well plate,WME,primary,yes,1.2,yes,shaking,yes,medium + cells,no,fresh,human,no
Midazolam,59467-70-8,26.2,ul/min/10^6 cells,hep,Louisse 2020,Smith.et.al...2012_2,10^6 cell/ml,239,0.5,suspension,12-well plate,WME,primary,yes,1.2,yes,shaking,yes,medium + cells,no,cryopreserved,human,no
Midazolam,59467-70-8,14,ul/min/10^6 cells,hep,Louisse 2020,Sohlenius.Sternbeck.et.al...2010,10^6 cell/ml,256,1,suspension,96-well plate,WME,primary,no,0.1,no,shaking,no,medium + cells,no,cryopreserved,human,yes
Midazolam,59467-70-8,16,ul/min/10^6 cells,hep,Louisse 2020,Sohlenius.Sternbeck.et.al...2012,10^6 cell/ml,282,1,suspension,96-well plate,WME,primary,no,0.1,no,shaking,no,medium + cells,no,cryopreserved,human,yes
Midazolam,59467-70-8,38.9,ul/min/10^6 cells,hep,Louisse 2020,Strelevitz.et.al...2012,10^6 cell/ml,294,1.5,suspension,96-well plate,WME,primary,no,0.06,no,no,yes,medium + cells,no,cryopreserved,human,yes
Midazolam,59467-70-8,1.88,ul/min/10^6 cells,hep,Louisse 2020,Vivares.et.al...2015_1,10^6 cell/ml,305,0.84,plated,24-well plate,Ham's F-12/WME,primary,yes,0.5,yes,no,yes,medium,yes,cryopreserved,human,yes
Midazolam,59467-70-8,12.87,ul/min/10^6 cells,hep,Louisse 2020,Vivares.et.al...2015_2,10^6 cell/ml,308,0.43,plated,liver chip,Ham's F-12/WME,primary,yes,1.4,yes,flow,yes,medium,yes,cryopreserved,human,yes
Midazolam,59467-70-8,9.1,ul/min/10^6 cells,hep,Louisse 2020,Yamagata.et.al...2017,10^6 cell/ml,317,1,suspension,96-well plate,KHB,primary,no,0.1,no,shaking,no,medium + cells,yes,cryopreserved,human,yes
Naloxone,465-65-6,71.3,ul/min/10^6 cells,hep,Louisse 2020,Akabane.et.al...2012_1,10^6 cell/ml,2,0.1,suspension,24-well plate,WME,primary,yes,0.5,yes,no,no,medium + cells,no,fresh,human,yes
Naloxone,465-65-6,60.4,ul/min/10^6 cells,hep,Louisse 2020,Akabane.et.al...2012_2,10^6 cell/ml,5,0.1,suspension,24-well plate,WME,primary,yes,0.5,yes,no,no,medium + cells,no,cryopreserved,human,yes
Naloxone,465-65-6,71,ul/min/10^6 cells,hep,Louisse 2020,Blanchard.et.al...2005_1,10^6 cell/ml,13,1.5,plated,24-well plate,WME,primary,no,0.5,yes,no,yes,medium,no,fresh,human,no
Naloxone,465-65-6,23,ul/min/10^6 cells,hep,Louisse 2020,Blanchard.et.al...2005_2,10^6 cell/ml,16,1.5,plated,24-well plate,serum,primary,no,0.5,no,no,no,medium,yes,fresh,human,no
Naloxone,465-65-6,118,ul/min/10^6 cells,hep,Louisse 2020,Blanchard.et.al...2005_3,10^6 cell/ml,19,2,suspension,24-well plate,WME,primary,no,0.5,yes,no,yes,medium + cells,no,fresh,human,no
Naloxone,465-65-6,141,ul/min/10^6 cells,hep,Louisse 2020,Blanchard.et.al...2005_4,10^6 cell/ml,22,2,suspension,24-well plate,serum,primary,no,0.5,no,no,no,medium + cells,yes,fresh,human,no
Naloxone,465-65-6,26.7,ul/min/10^6 cells,hep,Louisse 2020,Chao.et.al..2009_1,10^6 cell/ml,67,0.1,plated,96-well plate,non-defined commercial medium,primary,no,0.1,no,shaking,no,medium,no,cryopreserved,human,yes
Naloxone,465-65-6,30.9,ul/min/10^6 cells,hep,Louisse 2020,Chao.et.al..2009_2,10^6 cell/ml,85,0.1,plated,96-well plate,non-defined commercial medium,primary,no,0.1,no,shaking,no,medium,yes,cryopreserved,human,yes
Naloxone,465-65-6,16.9,ul/min/10^6 cells,hep,Louisse 2020,Chao.et.al..2009_3,10^6 cell/ml,100,0.1,plated,96-well plate,non-defined commercial medium,primary,no,0.1,no,shaking,no,medium,yes,cryopreserved,human,yes
Naloxone,465-65-6,14.6,ul/min/10^6 cells,hep,Louisse 2020,Chao.et.al..2009_4,10^6 cell/ml,116,0.1,plated,96-well plate,non-defined commercial medium,primary,no,0.1,no,shaking,no,medium,yes,cryopreserved,human,yes
Naloxone,465-65-6,30,ul/min/10^6 cells,hep,Louisse 2020,Heinle.et.al...2015,10^6 cell/ml,137,0.5,suspension,384-well plate,WME,primary,yes,0.025,yes,shaking,no,medium + cells,no,cryopreserved,human,no
Naloxone,465-65-6,32.3,ul/min/10^6 cells,hep,Louisse 2020,Hultman.et.al...2016,10^6 cell/ml,149,0.3,plated,96-well plate,non-defined commercial medium,primary co-culture,no,0.1,no,no,no,medium,no,cryopreserved,human,yes
Naloxone,465-65-6,28,ul/min/10^6 cells,hep,Louisse 2020,Lau.et.al...2002,10^6 cell/ml,183,1,suspension,24-well plate,Waymouth's medium,primary,no,1,yes,no,no,medium + cells,no,cryopreserved,human,yes
Naloxone,465-65-6,16.5,ul/min/10^6 cells,hep,Louisse 2020,Lave.et.al...1997,10^6 cell/ml,197,1.5,plated,culture dish,WME,primary,no,1,no,no,no,medium + cells,yes,fresh,human,no
Naloxone,465-65-6,216,ul/min/10^6 cells,hep,Louisse 2020,McGinnity.et.al...2004,10^6 cell/ml,210,1,suspension,vial,DMEM,primary,yes,0.5,no,shaking,yes,medium + cells,no,fresh,human,no
Naloxone,465-65-6,18.31,ul/min/10^6 cells,hep,Louisse 2020,Shibata.et.al...2002,10^6 cell/ml,229,1,suspension,96-well plate,serum,primary,no,0.05,no,shaking,no,medium + cells,yes,cryopreserved,human,yes
Naloxone,465-65-6,25,ul/min/10^6 cells,hep,Louisse 2020,Sohlenius.Sternbeck.et.al...2010,10^6 cell/ml,257,1,suspension,96-well plate,WME,primary,no,0.1,no,shaking,no,medium + cells,no,cryopreserved,human,yes
Naloxone,465-65-6,37.9,ul/min/10^6 cells,hep,Louisse 2020,Sohlenius.Sternbeck.et.al...2012,10^6 cell/ml,283,1,suspension,96-well plate,WME,primary,no,0.1,no,shaking,no,medium + cells,no,cryopreserved,human,yes
Naloxone,465-65-6,52.6,ul/min/10^6 cells,hep,Louisse 2020,Strelevitz.et.al...2012,10^6 cell/ml,295,1.5,suspension,96-well plate,WME,primary,no,0.06,no,no,yes,medium + cells,no,cryopreserved,human,yes
Naloxone,465-65-6,28,ul/min/10^6 cells,hep,Louisse 2020,Yamagata.et.al...2017,10^6 cell/ml,318,1,suspension,96-well plate,KHB,primary,no,0.1,no,shaking,no,medium + cells,yes,cryopreserved,human,yes
Naproxen,22204-53-1,0.1,ul/min/10^6 cells,hep,Louisse 2020,Chao.et.al..2009_1,10^6 cell/ml,68,0.1,plated,96-well plate,non-defined commercial medium,primary,no,0.1,no,shaking,no,medium,no,cryopreserved,human,yes
Naproxen,22204-53-1,0.6,ul/min/10^6 cells,hep,Louisse 2020,Chao.et.al..2009_3,10^6 cell/ml,101,0.1,plated,96-well plate,non-defined commercial medium,primary,no,0.1,no,shaking,no,medium,yes,cryopreserved,human,yes
Naproxen,22204-53-1,0.3,ul/min/10^6 cells,hep,Louisse 2020,Chao.et.al..2009_4,10^6 cell/ml,117,0.1,plated,96-well plate,non-defined commercial medium,primary,no,0.1,no,shaking,no,medium,yes,cryopreserved,human,yes
Naproxen,22204-53-1,2,ul/min/10^6 cells,hep,Louisse 2020,Sohlenius.Sternbeck.et.al...2010,10^6 cell/ml,258,1,suspension,96-well plate,WME,primary,no,0.1,no,shaking,no,medium + cells,no,cryopreserved,human,yes
Naproxen,22204-53-1,16.4,ul/min/10^6 cells,hep,Louisse 2020,Zanelli.et.al...2012_1,10^6 cell/ml,334,0.25,suspension,96-well plate,WME,HepaRG,no,0.125,no,shaking,no,medium + cells,no,cryopreserved,human,no
Naproxen,22204-53-1,4.91,ul/min/10^6 cells,hep,Louisse 2020,Zanelli.et.al...2012_2,10^6 cell/ml,350,0.25,suspension,96-well plate,WME,primary,no,0.125,no,shaking,no,medium + cells,no,cryopreserved,human,no
Nifedipine,21829-25-4,56,ul/min/10^6 cells,hep,Louisse 2020,Brown.et.al...2007,10^6 cell/ml,50,0.25,suspension,24-well plate,KHB,primary,no,0.25,no,shaking,no,medium + cells,no,cryopreserved,human,yes
Nifedipine,21829-25-4,7.7,ul/min/10^6 cells,hep,Louisse 2020,Lau.et.al...2002,10^6 cell/ml,184,1,suspension,24-well plate,Waymouth's medium,primary,no,1,yes,no,no,medium + cells,no,cryopreserved,human,yes
Nifedipine,21829-25-4,5.6,ul/min/10^6 cells,hep,Louisse 2020,McGinnity.et.al...2004,10^6 cell/ml,211,1,suspension,vial,DMEM,primary,yes,0.5,no,shaking,yes,medium + cells,no,fresh,human,no
Nifedipine,21829-25-4,13,ul/min/10^6 cells,hep,Louisse 2020,Sohlenius.Sternbeck.et.al...2010,10^6 cell/ml,259,1,suspension,96-well plate,WME,primary,no,0.1,no,shaking,no,medium + cells,no,cryopreserved,human,yes
Nifedipine,21829-25-4,28.7,ul/min/10^6 cells,hep,Louisse 2020,Zanelli.et.al...2012_1,10^6 cell/ml,335,0.25,suspension,96-well plate,WME,HepaRG,no,0.125,no,shaking,no,medium + cells,no,cryopreserved,human,no
Nifedipine,21829-25-4,17.1,ul/min/10^6 cells,hep,Louisse 2020,Zanelli.et.al...2012_2,10^6 cell/ml,351,0.25,suspension,96-well plate,WME,primary,no,0.125,no,shaking,no,medium + cells,no,cryopreserved,human,no
Omeprazole,73590-58-6,0.098,ul/min/10^6 cells,hep,Louisse 2020,Baudoin.et.al...2013,10^6 cell/ml,9,0.067,plated,liver chip,WME,primary,no,3,yes,flow,yes,medium,yes,cryopreserved,human,no
Omeprazole,73590-58-6,1.7,ul/min/10^6 cells,hep,Louisse 2020,McGinnity.et.al...2004,10^6 cell/ml,212,1,suspension,vial,DMEM,primary,yes,0.5,no,shaking,yes,medium + cells,no,fresh,human,no
Omeprazole,73590-58-6,3,ul/min/10^6 cells,hep,Louisse 2020,Sohlenius.Sternbeck.et.al...2010,10^6 cell/ml,260,1,suspension,96-well plate,WME,primary,no,0.1,no,shaking,no,medium + cells,no,cryopreserved,human,yes
Omeprazole,73590-58-6,3.8,ul/min/10^6 cells,hep,Louisse 2020,Sohlenius.Sternbeck.et.al...2012,10^6 cell/ml,284,1,suspension,96-well plate,WME,primary,no,0.1,no,shaking,no,medium + cells,no,cryopreserved,human,yes
Omeprazole,73590-58-6,3.6,ul/min/10^6 cells,hep,Louisse 2020,Yamagata.et.al...2017,10^6 cell/ml,319,1,suspension,96-well plate,KHB,primary,no,0.1,no,shaking,no,medium + cells,yes,cryopreserved,human,yes
Phenacetin,62-44-2,4.9,ul/min/10^6 cells,hep,Louisse 2020,Floby.et.al...2009,10^6 cell/ml,126,1,suspension,96-well plate,KHB,primary,no,0.1,no,shaking,no,medium + cells,no,cryopreserved,human,yes
Phenacetin,62-44-2,11,ul/min/10^6 cells,hep,Louisse 2020,Heinle.et.al...2015,10^6 cell/ml,138,0.5,suspension,384-well plate,WME,primary,yes,0.025,yes,shaking,no,medium + cells,no,cryopreserved,human,no
Phenacetin,62-44-2,9.3,ul/min/10^6 cells,hep,Louisse 2020,Jacobson.et.al...2007,10^6 cell/ml,160,1,plated,96-well plate,L-15 medium,primary,yes,0.06,no,no,yes,medium + cells,no,cryopreserved,human,no
Phenacetin,62-44-2,14.72,ul/min/10^6 cells,hep,Louisse 2020,Shibata.et.al...2002,10^6 cell/ml,230,1,suspension,96-well plate,serum,primary,no,0.05,no,shaking,no,medium + cells,yes,cryopreserved,human,yes
Phenacetin,62-44-2,59.2,ul/min/10^6 cells,hep,Louisse 2020,Smith.et.al...2012_1,10^6 cell/ml,237,0.5,suspension,12-well plate,WME,primary,yes,1.2,yes,shaking,yes,medium + cells,no,fresh,human,no
Phenacetin,62-44-2,57.6,ul/min/10^6 cells,hep,Louisse 2020,Smith.et.al...2012_2,10^6 cell/ml,240,0.5,suspension,12-well plate,WME,primary,yes,1.2,yes,shaking,yes,medium + cells,no,cryopreserved,human,no
Phenacetin,62-44-2,6.3,ul/min/10^6 cells,hep,Louisse 2020,Sohlenius.Sternbeck.et.al...2010,10^6 cell/ml,261,1,suspension,96-well plate,WME,primary,no,0.1,no,shaking,no,medium + cells,no,cryopreserved,human,yes
Phenacetin,62-44-2,9.29,ul/min/10^6 cells,hep,Louisse 2020,Tsamandouras.et.al...2016,10^6 cell/ml,300,0.375,plated,liver chip,WME,primary,no,1.6,no,flow,yes,medium,no,cryopreserved,human,yes
Phenacetin,62-44-2,13.7,ul/min/10^6 cells,hep,Louisse 2020,Zanelli.et.al...2012_1,10^6 cell/ml,336,0.25,suspension,96-well plate,WME,HepaRG,no,0.125,no,shaking,no,medium + cells,no,cryopreserved,human,no
Phenacetin,62-44-2,8.94,ul/min/10^6 cells,hep,Louisse 2020,Zanelli.et.al...2012_2,10^6 cell/ml,352,0.25,suspension,96-well plate,WME,primary,no,0.125,no,shaking,no,medium + cells,no,cryopreserved,human,no
Phenacetin,62-44-2,11.85,ul/min/10^6 cells,hep,Louisse 2020,Zanelli.et.al...2019,10^6 cell/ml,362,1,suspension,96-well plate,KHB,primary,no,0.05,no,shaking,no,medium + cells,yes,cryopreserved,human,yes
Pindolol,13523-86-9,1.9,ul/min/10^6 cells,hep,Louisse 2020,Chao.et.al..2009_1,10^6 cell/ml,69,0.1,plated,96-well plate,non-defined commercial medium,primary,no,0.1,no,shaking,no,medium,no,cryopreserved,human,yes
Pindolol,13523-86-9,2.1,ul/min/10^6 cells,hep,Louisse 2020,Chao.et.al..2009_2,10^6 cell/ml,86,0.1,plated,96-well plate,non-defined commercial medium,primary,no,0.1,no,shaking,no,medium,yes,cryopreserved,human,yes
Pindolol,13523-86-9,1.6,ul/min/10^6 cells,hep,Louisse 2020,Chao.et.al..2009_3,10^6 cell/ml,102,0.1,plated,96-well plate,non-defined commercial medium,primary,no,0.1,no,shaking,no,medium,yes,cryopreserved,human,yes
Pindolol,13523-86-9,1.5,ul/min/10^6 cells,hep,Louisse 2020,Chao.et.al..2009_4,10^6 cell/ml,118,0.1,plated,96-well plate,non-defined commercial medium,primary,no,0.1,no,shaking,no,medium,yes,cryopreserved,human,yes
Pindolol,13523-86-9,2.8,ul/min/10^6 cells,hep,Louisse 2020,McGinnity.et.al...2004,10^6 cell/ml,213,1,suspension,vial,DMEM,primary,yes,0.5,no,shaking,yes,medium + cells,no,fresh,human,no
Pindolol,13523-86-9,2.1,ul/min/10^6 cells,hep,Louisse 2020,Sohlenius.Sternbeck.et.al...2012,10^6 cell/ml,285,1,suspension,96-well plate,WME,primary,no,0.1,no,shaking,no,medium + cells,no,cryopreserved,human,yes
Pindolol,13523-86-9,1.1,ul/min/10^6 cells,hep,Louisse 2020,Yamagata.et.al...2017,10^6 cell/ml,320,1,suspension,96-well plate,KHB,primary,no,0.1,no,shaking,no,medium + cells,yes,cryopreserved,human,yes
Prazosin,19216-56-9,4.4,ul/min/10^6 cells,hep,Louisse 2020,Hultman.et.al...2016,10^6 cell/ml,150,0.3,plated,96-well plate,non-defined commercial medium,primary co-culture,no,0.1,no,no,no,medium,no,cryopreserved,human,yes
Prazosin,19216-56-9,3,ul/min/10^6 cells,hep,Louisse 2020,Jacobson.et.al...2007,10^6 cell/ml,161,1,plated,96-well plate,L-15 medium,primary,yes,0.06,no,no,yes,medium + cells,no,cryopreserved,human,no
Prazosin,19216-56-9,2.3,ul/min/10^6 cells,hep,Louisse 2020,McGinnity.et.al...2004,10^6 cell/ml,214,1,suspension,vial,DMEM,primary,yes,0.5,no,shaking,yes,medium + cells,no,fresh,human,no
Prazosin,19216-56-9,12,ul/min/10^6 cells,hep,Louisse 2020,Soars.et.al...2007,10^6 cell/ml,242,1,suspension,vial,DMEM,primary,yes,1,no,shaking,yes,medium + cells,no,fresh,human,no
Prazosin,19216-56-9,4.3,ul/min/10^6 cells,hep,Louisse 2020,Sohlenius.Sternbeck.et.al...2010,10^6 cell/ml,262,1,suspension,96-well plate,WME,primary,no,0.1,no,shaking,no,medium + cells,no,cryopreserved,human,yes
Prazosin,19216-56-9,4.9,ul/min/10^6 cells,hep,Louisse 2020,Sohlenius.Sternbeck.et.al...2012,10^6 cell/ml,286,1,suspension,96-well plate,WME,primary,no,0.1,no,shaking,no,medium + cells,no,cryopreserved,human,yes
Prednisolone,50-24-8,9.7,ul/min/10^6 cells,hep,Louisse 2020,Lau.et.al...2002,10^6 cell/ml,185,1,suspension,24-well plate,Waymouth's medium,primary,no,1,yes,no,no,medium + cells,no,cryopreserved,human,yes
Prednisolone,50-24-8,4.9,ul/min/10^6 cells,hep,Louisse 2020,Sohlenius.Sternbeck.et.al...2010,10^6 cell/ml,263,1,suspension,96-well plate,WME,primary,no,0.1,no,shaking,no,medium + cells,no,cryopreserved,human,yes
Prednisolone,50-24-8,1.7,ul/min/10^6 cells,hep,Louisse 2020,Sohlenius.Sternbeck.et.al...2012,10^6 cell/ml,287,1,suspension,96-well plate,WME,primary,no,0.1,no,shaking,no,medium + cells,no,cryopreserved,human,yes
Prednisolone,50-24-8,0.86,ul/min/10^6 cells,hep,Louisse 2020,Tsamandouras.et.al...2016,10^6 cell/ml,301,0.375,plated,liver chip,WME,primary,no,1.6,no,flow,yes,medium,no,cryopreserved,human,yes
Prednisolone,50-24-8,0.19,ul/min/10^6 cells,hep,Louisse 2020,Van.der.Mark.et.al...2016,10^6 cell/ml,303,0.9,plated,96-well plate,non-defined commercial medium,HepaRG,no,0.5,no,no,no,medium,no,fresh,human,no
Prednisolone,50-24-8,3.6,ul/min/10^6 cells,hep,Louisse 2020,Yamagata.et.al...2017,10^6 cell/ml,321,1,suspension,96-well plate,KHB,primary,no,0.1,no,shaking,no,medium + cells,yes,cryopreserved,human,yes
Prednisolone,50-24-8,8.49,ul/min/10^6 cells,hep,Louisse 2020,Zanelli.et.al...2012_1,10^6 cell/ml,337,0.25,suspension,96-well plate,WME,HepaRG,no,0.125,no,shaking,no,medium + cells,no,cryopreserved,human,no
Prednisolone,50-24-8,28.3,ul/min/10^6 cells,hep,Louisse 2020,Zanelli.et.al...2012_2,10^6 cell/ml,353,0.25,suspension,96-well plate,WME,primary,no,0.125,no,shaking,no,medium + cells,no,cryopreserved,human,no
Propanolol,525-66-6,18,ul/min/10^6 cells,hep,Louisse 2020,Heinle.et.al...2015,10^6 cell/ml,139,0.5,suspension,384-well plate,WME,primary,yes,0.025,yes,shaking,no,medium + cells,no,cryopreserved,human,no
Propanolol,525-66-6,11,ul/min/10^6 cells,hep,Louisse 2020,Jacobson.et.al...2007,10^6 cell/ml,162,1,plated,96-well plate,L-15 medium,primary,yes,0.06,no,no,yes,medium + cells,no,cryopreserved,human,no
Propanolol,525-66-6,10,ul/min/10^6 cells,hep,Louisse 2020,Lau.et.al...2002,10^6 cell/ml,186,1,suspension,24-well plate,Waymouth's medium,primary,no,1,yes,no,no,medium + cells,no,cryopreserved,human,yes
Propanolol,525-66-6,4.24,ul/min/10^6 cells,hep,Louisse 2020,Lave.et.al...1997,10^6 cell/ml,198,1.5,plated,culture dish,WME,primary,no,1,no,no,no,medium + cells,yes,fresh,human,no
Propanolol,525-66-6,10,ul/min/10^6 cells,hep,Louisse 2020,McGinnity.et.al...2004,10^6 cell/ml,215,1,suspension,vial,DMEM,primary,yes,0.5,no,shaking,yes,medium + cells,no,fresh,human,no
Propanolol,525-66-6,2.28,ul/min/10^6 cells,hep,Louisse 2020,Shibata.et.al...2002,10^6 cell/ml,231,1,suspension,96-well plate,serum,primary,no,0.05,no,shaking,no,medium + cells,yes,cryopreserved,human,yes
Propanolol,525-66-6,7.8,ul/min/10^6 cells,hep,Louisse 2020,Sohlenius.Sternbeck.et.al...2010,10^6 cell/ml,264,1,suspension,96-well plate,WME,primary,no,0.1,no,shaking,no,medium + cells,no,cryopreserved,human,yes
Propanolol,525-66-6,19.9,ul/min/10^6 cells,hep,Louisse 2020,Sohlenius.Sternbeck.et.al...2012,10^6 cell/ml,288,1,suspension,96-well plate,WME,primary,no,0.1,no,shaking,no,medium + cells,no,cryopreserved,human,yes
Propanolol,525-66-6,300,ul/min/10^6 cells,hep,Louisse 2020,Strelevitz.et.al...2012,10^6 cell/ml,296,1.5,suspension,96-well plate,WME,primary,no,0.06,no,no,yes,medium + cells,no,cryopreserved,human,yes
Propanolol,525-66-6,5.11,ul/min/10^6 cells,hep,Louisse 2020,Tsamandouras.et.al...2016,10^6 cell/ml,302,0.375,plated,liver chip,WME,primary,no,1.6,no,flow,yes,medium,no,cryopreserved,human,yes
Propanolol,525-66-6,13,ul/min/10^6 cells,hep,Louisse 2020,Yamagata.et.al...2017,10^6 cell/ml,322,1,suspension,96-well plate,KHB,primary,no,0.1,no,shaking,no,medium + cells,yes,cryopreserved,human,yes
Propanolol,525-66-6,48.6,ul/min/10^6 cells,hep,Louisse 2020,Zanelli.et.al...2012_2,10^6 cell/ml,354,0.25,suspension,96-well plate,WME,primary,no,0.125,no,shaking,no,medium + cells,no,cryopreserved,human,no
Quinidine,56-54-2,7,ul/min/10^6 cells,hep,Louisse 2020,Brown.et.al...2007,10^6 cell/ml,51,0.25,suspension,24-well plate,KHB,primary,no,0.25,no,shaking,no,medium + cells,no,cryopreserved,human,yes
Quinidine,56-54-2,8.4,ul/min/10^6 cells,hep,Louisse 2020,Heinle.et.al...2015,10^6 cell/ml,140,0.5,suspension,384-well plate,WME,primary,yes,0.025,yes,shaking,no,medium + cells,no,cryopreserved,human,no
Quinidine,56-54-2,0.6,ul/min/10^6 cells,hep,Louisse 2020,Hultman.et.al...2016,10^6 cell/ml,151,0.3,plated,96-well plate,non-defined commercial medium,primary co-culture,no,0.1,no,no,no,medium,no,cryopreserved,human,yes
Quinidine,56-54-2,0.61,ul/min/10^6 cells,hep,Louisse 2020,Shibata.et.al...2002,10^6 cell/ml,232,1,suspension,96-well plate,serum,primary,no,0.05,no,shaking,no,medium + cells,yes,cryopreserved,human,yes
Quinidine,56-54-2,4.5,ul/min/10^6 cells,hep,Louisse 2020,Sohlenius.Sternbeck.et.al...2010,10^6 cell/ml,265,1,suspension,96-well plate,WME,primary,no,0.1,no,shaking,no,medium + cells,no,cryopreserved,human,yes
Quinidine,56-54-2,3.2,ul/min/10^6 cells,hep,Louisse 2020,Sohlenius.Sternbeck.et.al...2012,10^6 cell/ml,289,1,suspension,96-well plate,WME,primary,no,0.1,no,shaking,no,medium + cells,no,cryopreserved,human,yes
Quinidine,56-54-2,2,ul/min/10^6 cells,hep,Louisse 2020,Yamagata.et.al...2017,10^6 cell/ml,323,1,suspension,96-well plate,KHB,primary,no,0.1,no,shaking,no,medium + cells,yes,cryopreserved,human,yes
Quinidine,56-54-2,20.3,ul/min/10^6 cells,hep,Louisse 2020,Zanelli.et.al...2012_1,10^6 cell/ml,338,0.25,suspension,96-well plate,WME,HepaRG,no,0.125,no,shaking,no,medium + cells,no,cryopreserved,human,no
Quinidine,56-54-2,13.5,ul/min/10^6 cells,hep,Louisse 2020,Zanelli.et.al...2012_2,10^6 cell/ml,355,0.25,suspension,96-well plate,WME,primary,no,0.125,no,shaking,no,medium + cells,no,cryopreserved,human,no
Quinidine,56-54-2,3.75,ul/min/10^6 cells,hep,Louisse 2020,Zanelli.et.al...2019,10^6 cell/ml,363,1,suspension,96-well plate,KHB,primary,no,0.05,no,shaking,no,medium + cells,yes,cryopreserved,human,yes
Sildenafil,139755-83-2,9.7,ul/min/10^6 cells,hep,Louisse 2020,Bonn.et.al...2016_1,10^6 cell/ml,27,0.67,suspension,24-well plate,non-defined commercial medium,primary,no,0.6,no,shaking,no,medium,no,cryopreserved,human,yes
Sildenafil,139755-83-2,5.3,ul/min/10^6 cells,hep,Louisse 2020,Bonn.et.al...2016_2,10^6 cell/ml,32,0.36,plated,96-well plate,non-defined commercial medium,HepaRG,no,0.2,no,no,no,medium,no,cryopreserved,human,yes
Sildenafil,139755-83-2,7,ul/min/10^6 cells,hep,Louisse 2020,Bonn.et.al...2016_3,10^6 cell/ml,40,1,plated,96-well plate,L-15 medium,primary,no,0.25,no,shaking,no,medium + cells,no,cryopreserved,human,no
Sildenafil,139755-83-2,6.2,ul/min/10^6 cells,hep,Louisse 2020,Bonn.et.al...2016_4,10^6 cell/ml,47,0.313,plated,24-well plate,non-defined commercial medium,primary co-culture,no,0.6,no,no,no,medium,no,cryopreserved,human,no
Sildenafil,139755-83-2,6.2,ul/min/10^6 cells,hep,Louisse 2020,Chao.et.al..2009_1,10^6 cell/ml,70,0.1,plated,96-well plate,non-defined commercial medium,primary,no,0.1,no,shaking,no,medium,no,cryopreserved,human,yes
Sildenafil,139755-83-2,2.7,ul/min/10^6 cells,hep,Louisse 2020,Chao.et.al..2009_2,10^6 cell/ml,87,0.1,plated,96-well plate,non-defined commercial medium,primary,no,0.1,no,shaking,no,medium,yes,cryopreserved,human,yes
Sildenafil,139755-83-2,5,ul/min/10^6 cells,hep,Louisse 2020,Chao.et.al..2009_3,10^6 cell/ml,103,0.1,plated,96-well plate,non-defined commercial medium,primary,no,0.1,no,shaking,no,medium,yes,cryopreserved,human,yes
Sildenafil,139755-83-2,5.3,ul/min/10^6 cells,hep,Louisse 2020,Chao.et.al..2009_4,10^6 cell/ml,119,0.1,plated,96-well plate,non-defined commercial medium,primary,no,0.1,no,shaking,no,medium,yes,cryopreserved,human,yes
Sildenafil,139755-83-2,13.1,ul/min/10^6 cells,hep,Louisse 2020,Hultman.et.al...2016,10^6 cell/ml,152,0.3,plated,96-well plate,non-defined commercial medium,primary co-culture,no,0.1,no,no,no,medium,no,cryopreserved,human,yes
Sildenafil,139755-83-2,0.67,ul/min/10^6 cells,hep,Louisse 2020,Kidambi.et.al...2009,10^6 cell/ml,169,1,suspension,microcentrifuge tube,DMEM,primary,no,0.5,no,shaking,yes,medium + cells,yes,fresh,human,yes
Sildenafil,139755-83-2,5.2,ul/min/10^6 cells,hep,Louisse 2020,Lau.et.al...2002,10^6 cell/ml,187,1,suspension,24-well plate,Waymouth's medium,primary,no,1,yes,no,no,medium + cells,no,cryopreserved,human,yes
Sildenafil,139755-83-2,8.1,ul/min/10^6 cells,hep,Louisse 2020,Sohlenius.Sternbeck.et.al...2010,10^6 cell/ml,266,1,suspension,96-well plate,WME,primary,no,0.1,no,shaking,no,medium + cells,no,cryopreserved,human,yes
Sildenafil,139755-83-2,13.4,ul/min/10^6 cells,hep,Louisse 2020,Sohlenius.Sternbeck.et.al...2012,10^6 cell/ml,290,1,suspension,96-well plate,WME,primary,no,0.1,no,shaking,no,medium + cells,no,cryopreserved,human,yes
Sildenafil,139755-83-2,11,ul/min/10^6 cells,hep,Louisse 2020,Yamagata.et.al...2017,10^6 cell/ml,324,1,suspension,96-well plate,KHB,primary,no,0.1,no,shaking,no,medium + cells,yes,cryopreserved,human,yes
Sildenafil,139755-83-2,14.8,ul/min/10^6 cells,hep,Louisse 2020,Zanelli.et.al...2012_2,10^6 cell/ml,356,0.25,suspension,96-well plate,WME,primary,no,0.125,no,shaking,no,medium + cells,no,cryopreserved,human,no
S-warfarin,5543-57-7,0.21,ul/min/10^6 cells,hep,Louisse 2020,Bonn.et.al...2016_2,10^6 cell/ml,33,0.36,plated,96-well plate,non-defined commercial medium,HepaRG,no,0.2,no,no,no,medium,no,cryopreserved,human,yes
S-warfarin,5543-57-7,0.71,ul/min/10^6 cells,hep,Louisse 2020,Bonn.et.al...2016_4,10^6 cell/ml,48,0.313,plated,24-well plate,non-defined commercial medium,primary co-culture,no,0.6,no,no,no,medium,no,cryopreserved,human,no
S-warfarin,5543-57-7,1,ul/min/10^6 cells,hep,Louisse 2020,Brown.et.al...2007.2,10^6 cell/ml,54,1,suspension,24-well plate,KHB,primary,no,0.25,no,shaking,no,medium + cells,no,cryopreserved,human,yes
S-warfarin,5543-57-7,0.6,ul/min/10^6 cells,hep,Louisse 2020,Hultman.et.al...2016,10^6 cell/ml,153,0.3,plated,96-well plate,non-defined commercial medium,primary co-culture,no,0.1,no,no,no,medium,no,cryopreserved,human,yes
S-warfarin,5543-57-7,6.93,ul/min/10^6 cells,hep,Louisse 2020,Zanelli.et.al...2012_2,10^6 cell/ml,357,0.25,suspension,96-well plate,WME,primary,no,0.125,no,shaking,no,medium + cells,no,cryopreserved,human,no
Timolol,26839-75-8,2.2,ul/min/10^6 cells,hep,Louisse 2020,Chao.et.al..2009_1,10^6 cell/ml,71,0.1,plated,96-well plate,non-defined commercial medium,primary,no,0.1,no,shaking,no,medium,no,cryopreserved,human,yes
Timolol,26839-75-8,2.1,ul/min/10^6 cells,hep,Louisse 2020,Chao.et.al..2009_2,10^6 cell/ml,88,0.1,plated,96-well plate,non-defined commercial medium,primary,no,0.1,no,shaking,no,medium,yes,cryopreserved,human,yes
Timolol,26839-75-8,2,ul/min/10^6 cells,hep,Louisse 2020,Chao.et.al..2009_3,10^6 cell/ml,104,0.1,plated,96-well plate,non-defined commercial medium,primary,no,0.1,no,shaking,no,medium,yes,cryopreserved,human,yes
Timolol,26839-75-8,2,ul/min/10^6 cells,hep,Louisse 2020,Chao.et.al..2009_4,10^6 cell/ml,120,0.1,plated,96-well plate,non-defined commercial medium,primary,no,0.1,no,shaking,no,medium,yes,cryopreserved,human,yes
Timolol,26839-75-8,2.09,ul/min/10^6 cells,hep,Louisse 2020,Kidambi.et.al...2009,10^6 cell/ml,170,1,suspension,microcentrifuge tube,DMEM,primary,no,0.5,no,shaking,yes,medium + cells,yes,fresh,human,yes
Timolol,26839-75-8,0.69,ul/min/10^6 cells,hep,Louisse 2020,Shibata.et.al...2002,10^6 cell/ml,233,1,suspension,96-well plate,serum,primary,no,0.05,no,shaking,no,medium + cells,yes,cryopreserved,human,yes
Timolol,26839-75-8,2.8,ul/min/10^6 cells,hep,Louisse 2020,Sohlenius.Sternbeck.et.al...2012,10^6 cell/ml,291,1,suspension,96-well plate,WME,primary,no,0.1,no,shaking,no,medium + cells,no,cryopreserved,human,yes
Timolol,26839-75-8,8.1,ul/min/10^6 cells,hep,Louisse 2020,Zanelli.et.al...2012_2,10^6 cell/ml,358,0.25,suspension,96-well plate,WME,primary,no,0.125,no,shaking,no,medium + cells,no,cryopreserved,human,no
Tolbutamide,64-77-7,0.04,ul/min/10^6 cells,hep,Louisse 2020,Baudoin.et.al...2013,10^6 cell/ml,10,0.067,plated,liver chip,WME,primary,no,3,yes,flow,yes,medium,yes,cryopreserved,human,no
Tolbutamide,64-77-7,0.06,ul/min/10^6 cells,hep,Louisse 2020,Brown.et.al...2007.1,10^6 cell/ml,52,0.5,suspension,24-well plate,KHB,primary,no,0.25,no,shaking,no,medium + cells,no,cryopreserved,human,yes
Tolbutamide,64-77-7,1.6,ul/min/10^6 cells,hep,Louisse 2020,Lau.et.al...2002,10^6 cell/ml,188,1,suspension,24-well plate,Waymouth's medium,primary,no,1,yes,no,no,medium + cells,no,cryopreserved,human,yes
Tolbutamide,64-77-7,1.1,ul/min/10^6 cells,hep,Louisse 2020,Sohlenius.Sternbeck.et.al...2010,10^6 cell/ml,267,1,suspension,96-well plate,WME,primary,no,0.1,no,shaking,no,medium + cells,no,cryopreserved,human,yes
Tolbutamide,64-77-7,0.7,ul/min/10^6 cells,hep,Louisse 2020,Sohlenius.Sternbeck.et.al...2012,10^6 cell/ml,292,1,suspension,96-well plate,WME,primary,no,0.1,no,shaking,no,medium + cells,no,cryopreserved,human,yes
Tolbutamide,64-77-7,1.32,ul/min/10^6 cells,hep,Louisse 2020,Vivares.et.al...2015_1,10^6 cell/ml,306,0.84,plated,24-well plate,Ham's F-12/WME,primary,yes,0.5,yes,no,yes,medium,yes,cryopreserved,human,yes
Tolbutamide,64-77-7,0.93,ul/min/10^6 cells,hep,Louisse 2020,Vivares.et.al...2015_2,10^6 cell/ml,309,0.43,plated,liver chip,Ham's F-12/WME,primary,yes,1.4,yes,flow,yes,medium,yes,cryopreserved,human,yes
Tolbutamide,64-77-7,0.56,ul/min/10^6 cells,hep,Louisse 2020,Yamagata.et.al...2017,10^6 cell/ml,325,1,suspension,96-well plate,KHB,primary,no,0.1,no,shaking,no,medium + cells,yes,cryopreserved,human,yes
Tolbutamide,64-77-7,0.207,ul/min/10^6 cells,hep,Louisse 2020,Zanelli.et.al...2012_1,10^6 cell/ml,339,0.25,suspension,96-well plate,WME,HepaRG,no,0.125,no,shaking,no,medium + cells,no,cryopreserved,human,no
Tolbutamide,64-77-7,4.68,ul/min/10^6 cells,hep,Louisse 2020,Zanelli.et.al...2012_2,10^6 cell/ml,359,0.25,suspension,96-well plate,WME,primary,no,0.125,no,shaking,no,medium + cells,no,cryopreserved,human,no
Tolbutamide,64-77-7,1.1,ul/min/10^6 cells,hep,Louisse 2020,Zanelli.et.al...2019,10^6 cell/ml,364,1,suspension,96-well plate,KHB,primary,no,0.05,no,shaking,no,medium + cells,yes,cryopreserved,human,yes
Verapamil,52-53-9,25.1,ul/min/10^6 cells,hep,Louisse 2020,Chao.et.al..2009_1,10^6 cell/ml,72,0.1,plated,96-well plate,non-defined commercial medium,primary,no,0.1,no,shaking,no,medium,no,cryopreserved,human,yes
Verapamil,52-53-9,27.5,ul/min/10^6 cells,hep,Louisse 2020,Chao.et.al..2009_2,10^6 cell/ml,89,0.1,plated,96-well plate,non-defined commercial medium,primary,no,0.1,no,shaking,no,medium,yes,cryopreserved,human,yes
Verapamil,52-53-9,24.2,ul/min/10^6 cells,hep,Louisse 2020,Chao.et.al..2009_3,10^6 cell/ml,105,0.1,plated,96-well plate,non-defined commercial medium,primary,no,0.1,no,shaking,no,medium,yes,cryopreserved,human,yes
Verapamil,52-53-9,17.9,ul/min/10^6 cells,hep,Louisse 2020,Chao.et.al..2009_4,10^6 cell/ml,121,0.1,plated,96-well plate,non-defined commercial medium,primary,no,0.1,no,shaking,no,medium,yes,cryopreserved,human,yes
Verapamil,52-53-9,35,ul/min/10^6 cells,hep,Louisse 2020,Heinle.et.al...2015,10^6 cell/ml,141,0.5,suspension,384-well plate,WME,primary,yes,0.025,yes,shaking,no,medium + cells,no,cryopreserved,human,no
Verapamil,52-53-9,16.8,ul/min/10^6 cells,hep,Louisse 2020,Hultman.et.al...2016,10^6 cell/ml,154,0.3,plated,96-well plate,non-defined commercial medium,primary co-culture,no,0.1,no,no,no,medium,no,cryopreserved,human,yes
Verapamil,52-53-9,11,ul/min/10^6 cells,hep,Louisse 2020,Jacobson.et.al...2007,10^6 cell/ml,163,1,plated,96-well plate,L-15 medium,primary,yes,0.06,no,no,yes,medium + cells,no,cryopreserved,human,no
Verapamil,52-53-9,16,ul/min/10^6 cells,hep,Louisse 2020,Lau.et.al...2002,10^6 cell/ml,189,1,suspension,24-well plate,Waymouth's medium,primary,no,1,yes,no,no,medium + cells,no,cryopreserved,human,yes
Verapamil,52-53-9,18,ul/min/10^6 cells,hep,Louisse 2020,McGinnity.et.al...2004,10^6 cell/ml,216,1,suspension,vial,DMEM,primary,yes,0.5,no,shaking,yes,medium + cells,no,fresh,human,no
Verapamil,52-53-9,4.65,ul/min/10^6 cells,hep,Louisse 2020,Shibata.et.al...2002,10^6 cell/ml,234,1,suspension,96-well plate,serum,primary,no,0.05,no,shaking,no,medium + cells,yes,cryopreserved,human,yes
Verapamil,52-53-9,13,ul/min/10^6 cells,hep,Louisse 2020,Sohlenius.Sternbeck.et.al...2010,10^6 cell/ml,268,1,suspension,96-well plate,WME,primary,no,0.1,no,shaking,no,medium + cells,no,cryopreserved,human,yes
Verapamil,52-53-9,23.1,ul/min/10^6 cells,hep,Louisse 2020,Sohlenius.Sternbeck.et.al...2012,10^6 cell/ml,293,1,suspension,96-well plate,WME,primary,no,0.1,no,shaking,no,medium + cells,no,cryopreserved,human,yes
Verapamil,52-53-9,20,ul/min/10^6 cells,hep,Louisse 2020,Yamagata.et.al...2017,10^6 cell/ml,326,1,suspension,96-well plate,KHB,primary,no,0.1,no,shaking,no,medium + cells,yes,cryopreserved,human,yes
Verapamil,52-53-9,122,ul/min/10^6 cells,hep,Louisse 2020,Zanelli.et.al...2012_1,10^6 cell/ml,340,0.25,suspension,96-well plate,WME,HepaRG,no,0.125,no,shaking,no,medium + cells,no,cryopreserved,human,no
Verapamil,52-53-9,77.1,ul/min/10^6 cells,hep,Louisse 2020,Zanelli.et.al...2012_2,10^6 cell/ml,360,0.25,suspension,96-well plate,WME,primary,no,0.125,no,shaking,no,medium + cells,no,cryopreserved,human,no
